paperId,title,year,venue,citationCount,abstract,source,pre_score
2560235f7d341e2d764f9a420b07bc59d1afa245,Reinforcement Learning-Based Deep Q-Network Traffic Routing for IoT-Enabled Smart Networks with QoS Constraints,2026,International Conferences on Information Science and System,0,"The radical increase in the numbers of Internet of Things (IoT) devices in smart networks has posed a considerable challenge in traffic and scalability management, and Quality of Service (QoS) provisioning. The conventional routing protocols are also static and do not respond to the dynamic traffic loads, energy and heterogeneous devices. In an effort to overcome these shortcomings, this paper presents a Reinforcement Learningbased Deep Q-Network (DQN) routing architecture that models traffic ro",rsp_rl,3
7e121c54888f66ed0e8dc13f9186350c3051f6f0,Safe and Robust Terrain Vehicle Navigation Based on Risk-Aware Path-Planning and Control,2026,IEEE Transactions on Intelligent Vehicles,0,"Path planning and tracking of terrain vehicles are key to navigation safety in the field considering complex working conditions such as uncertain rough surfaces and deformable soil. This paper proposes a hierarchical path-planning and tracking framework to address inherent stochasticity and safety-critical problems in deformable terrain navigation. Firstly, a safe planning method based on distributional reinforcement learning is proposed, where route safety is strengthened by Conditional Value a",rsp_rl,3
e501a8062dbefe29fce49e24cb5f13bfed226753,A QoS-Aware Routing Protocol for High-Speed Optical Networks Using Reinforcement Learning,2025,OPTIMA,0,"This paper proposes a QoS-aware routing protocol for high-speed optical networks that leverages reinforcement learning (RL) to adapt path selection to dynamic traffic, physical-layer impairments, and service-level objectives. The RL agent observes network state (e.g., residual bandwidth, path length, OSNR margins, and historical blocking) and selects routes that jointly optimize blocking probability, end-to-end latency, and differential delay while respecting wavelength/slot continuity constrain",rsp_rl,3
fefa7f08d8792480bb0ab9993a00187a354509b6,Deep Reinforcement Learning for Overtaking Decision-Making and Planning of Autonomous Vehicles,2025,International Conference on Industrial Technology,1,"The safe overtaking of autonomous vehicles has become an important focus in recent robotics and AI research. Considering the scenario of overtaking with oncoming vehicles, this paper proposes a hierarchical framework based on deep reinforcement learning to interact with the traffic environment and learn to overtake safely and efficiently. At the high level, an optimized actor-critic network with TRPO deep reinforcement learning algorithm is used to make safe overtaking decisions. At the low leve",rsp_rl,3
11b7707c3e5edeee47d352a8fdf4ff7de67caa5b,Enhancing Autonomous Vehicle Navigation in Complex Environment With Semantic Proto‐Reinforcement Learning,2025,J. Field Robotics,2,"Despite great progress in autonomous vehicle (AV) navigation, the technical challenges within this space are still considerable when it comes to successful integration of AVs into complex real‐world environments. To tackle these challenges, this paper presents a new semantic proto‐reinforcement learning (SP‐RL) method for dynamic path planning and real‐time obstacle avoidance of an autonomous car that can be adapted to various weather conditions in localization‐deficient environments, while pred",rsp_rl,3
b274c6e9d4403e526e27f745a1f26bede979b9a1,A Deep Reinforcement Learning Based Agv Path Planning Method,2025,"2025 International Conference on Electronics and Computing, Communication Networking Automation Technologies (ICEC2NT)",0,"This study proposes a path planning method that integrates deep reinforcement learning and Petri net constraints for conflict prevention and efficiency optimization of AGV dynamic path planning in storage environments. By constructing a multi-agent deep reinforcement learning framework with “path branching points as agents”, road network intersection nodes are defined as independent agents, equipped with a symmetric Actor Critic network structure, and combined with an improved multi-agent deep d",rsp_rl,3
5c56ba032c2a252c8ab301aa9e03b64c62b56c14,Reinforcement Learning Driven Path Planning System for Emergency Response to New Energy Vehicle Fires,2025,"2025 IEEE 3rd International Conference on Sensors, Electronics and Computer Engineering (ICSECE)",0,"Aiming at the problem of path planning for emergency response to new energy vehicle fires, this study proposes a path planning algorithm based on multi-agent competition-cooperation reinforcement learning and builds a corresponding system. The algorithm constructs a reward function integrating rescue time, path safety, and resource consumption by designing the state and action space adapted to the emergency scenario, and uses the competition-cooperation mechanism to achieve multi-agent collabora",rsp_rl,3
b379a43a3a541a7c3b04d91450cab7e280366db4,Predictive Traffic Rule Compliance using Reinforcement Learning,2025,arXiv.org,1,"Autonomous vehicle path planning has reached a stage where safety and regulatory compliance are crucial. This paper presents an approach that integrates a motion planner with a deep reinforcement learning model to predict potential traffic rule violations. Our main innovation is replacing the standard actor network in an actor-critic method with a motion planning module, which ensures both stable and interpretable trajectory generation. In this setup, we use traffic rule robustness as the reward",rsp_rl,3
d8e059ba757f855598919e667cf8bc96c32a98db,Machine Learning-Driven Path Planning and Obstacle Avoidance Algorithms for Autonomous Vehicles,2025,2025 4th International Symposium on Computer Applications and Information Technology (ISCAIT),2,"With the rapid advancement of autonomous driving technology, path planning and obstacle avoidance strategies based on machine learning are of great significance for the efficient and safe operation of autonomous vehicles. In order to achieve automatic driving path planning and obstacle avoidance, this paper combines deep reinforcement learning and probability graph model to propose a complex method. First, Deep Q Network (DQN) perceives and decides the surrounding environment to obtain real-time",rsp_rl,3
d4265b6aba5927111290944ef17a5a7286ece156,Risk-Aware Distributional Reinforcement Learning for Safe Path Planning of Surface Sensing Agents,2025,Electronics,1,"In spatially constrained water domains, surface sensing agents(SSAs) must achieve safe path planning, uncertain currents, and sensor noise. We present a decentralized motion planning and collision-avoidance framework based on distributional reinforcement learning (DRL) that models the full return distribution to enable risk-aware decision making. Each surface sensing agent autonomously proceeds to its designated coordinates without rigid spatial constraints, coordinating implicitly through learn",rsp_rl,3
d30211fbd07af390c56faaeb0dadce132448a390,Ethics-Aware Safe Reinforcement Learning for Rare-Event Risk Control in Interactive Urban Driving,2025,,2,"Autonomous vehicles hold great promise for reducing traffic fatalities and improving transportation efficiency, yet their widespread adoption hinges on embedding credible and transparent ethical reasoning into routine and emergency maneuvers, particularly to protect vulnerable road users (VRUs) such as pedestrians and cyclists. Here, we present a hierarchical Safe Reinforcement Learning (Safe RL) framework that augments standard driving objectives with ethics-aware cost signals. At the decision ",rsp_rl,3
a21a04d7acbd33ba986a251c31dec022b27cfd8d,Reinforcement learning-based vehicle travel path reconstruction from sparse automatic licence plate recognition data,2025,Ann. GIS,1,"ABSTRACT Automatic licence plate recognition (ALPR) data is a vital source for acquiring large-scale vehicle trajectory data in urban transportation research. However, the sparse distribution of ALPR sensors often results in incomplete vehicle trajectories with unobserved travel paths between adjacent ALPR sensors. To address this challenge, this study proposes a novel travel path reconstruction model based on reinforcement learning. First, the maximum entropy inverse reinforcement learning (Max",rsp_rl,3
5caa359542a396b6788d22ca66f1391d2546eaa1,Risk-Constrained Multi-Objective Deep Reinforcement Learning for AGV Path Planning in Rail Transit,2025,Applied System Innovation,0,"Sensor-rich Automated Guided Vehicles (AGVs) are increasingly deployed in logistics, yet large fleets relying on fixed tracks face high maintenance costs and frequent route conflicts. This study targets rail-based material handling and proposes an end-to-end multi-AGV navigation pipeline under realistic operational constraints. A conflict-aware global planner, extended from the A* algorithm, generates feasible routes, while a multi-sensor perception stack integrates LiDAR and camera data to dist",rsp_rl,3
00ce55ef4aed017584398f8418cf005cb7242d23,Real-Time Communication-Aware Ride-Sharing Route Planning for Urban Air Mobility: A Multi-Source Hybrid Attention Reinforcement Learning Approach,2025,arXiv.org,1,"Urban Air Mobility (UAM) systems are rapidly emerging as promising solutions to alleviate urban congestion, with path planning becoming a key focus area. Unlike ground transportation, UAM trajectory planning has to prioritize communication quality for accurate location tracking in constantly changing environments to ensure safety. Meanwhile, a UAM system, serving as an air taxi, requires adaptive planning to respond to real-time passenger requests, especially in ride-sharing scenarios where pass",rsp_rl,3
a8108832d01dff84979de64a268134e967b6a49a,Optimizing Autonomous Vehicle Navigation Through Reinforcement Learning in Dynamic Urban Environments,2025,World Electric Vehicle Journal,2,"Autonomous vehicle (AV) navigation in dynamic urban environments faces challenges such as unpredictable traffic conditions, varying road user behaviors, and complex road networks. This study proposes a novel reinforcement learning-based framework that enhances AV decision making through spatial-temporal context awareness. The framework integrates Proximal Policy Optimization (PPO) and Graph Neural Networks (GNNs) to effectively model urban features like intersections, traffic density, and pedest",rsp_rl,3
4579f1fed8675a37c15b1bbaba28ff61cee712b5,A Hybrid Deep Reinforcement Learning and Graph Neural Network Approach for Multi-objective Waste Transportation Optimization,2025,International Conference on Advances in Computing and Artificial Intelligence,0,"With the increasing amount of urban waste generated, optimizing and scheduling waste transportation routes has become a major challenge in the development of smart cities. This paper proposes a method based on combining deep reinforcement learning (PPO) with graph neural networks (GNNs) to address the path planning and scheduling problem in urban waste transportation. By combining PPO with GNNs, this study is able to optimize the transportation routes and vehicle scheduling strategies for multip",rsp_rl,3
f5591ff02f6d2c2c2079f46aebce2ee0839c0dc1,Reliable UAV Navigation Using Cellular Networks: A Deep Reinforcement Learning Approach,2024,International Black Sea Conference on Communications and Networking,0,The reliability of UAV trajectory planning solutions is crucial for mission critical applications. Our objective is to propose a reliable trajectory planning solution independent of transmissible detectable signals and GPS. The inherently noisy GPS measurements are unable to provide a reliable trajectory planning solution especially in dense urban and suburban environments. We propose to utilize broadcast signals from existing cellular networks to reliably navigate the UAV from a given source to,rsp_rl,3
d85da753c314695455e7f67b1c18513833c454be,SDN-based Network Traffic Classification using Deep Reinforcement Learning,2024,Global Communications Conference,2,"Software-Defined Networking (SDN) has emerged as a transformative technology that revolutionizes network management and architecture by providing unparalleled flexibility and control over data traffic flows. This flexibility is increasingly crucial in managing the complex demands of modern networks, whereby efficient traffic management is essential for mitigating congestion and enhancing operational efficiency. This paper introduces a novel traffic management model that employs Deep Reinforcemen",rsp_rl,3
58ef59ca6bab8c044e7abc04d00f5361f2f20233,Fast Multi-Class Vehicle Cooperative Path Optimization in Complex Urban V2X Transportation: A Novel Parallel Multi-Agent Reinforcement Learning Approach,2024,2024 IEEE Intelligent Vehicles Symposium (IV),0,"Urban road traffic systems are advancing into sophisticated networks, underscoring the importance of real-time collaborative decision-making. This study tackles the intricate challenge of cooperative path planning under complex urban conditions, taking into account a variety of vehicle types and their respective priorities. While conventional path planning techniques struggle with such intricate coordination, reinforcement learning, though theoretically capable, is hindered by its limited model ",rsp_rl,3
680c57d34f941033e11b5b2f236834306fed1b57,Enhancing High-Speed Cruising Performance of Autonomous Vehicles Through Integrated Deep Reinforcement Learning Framework,2024,IEEE transactions on intelligent transportation systems (Print),65,"High-speed cruising scenarios with mixed traffic greatly challenge the road safety of autonomous vehicles (AVs). Unlike existing works that only look at fundamental modules in isolation, this work enhances AV safety in mixed-traffic high-speed cruising scenarios by proposing an integrated framework that synthesizes three fundamental modules, i.e., behavioral decision-making, path-planning, and motion-control modules. Considering that the integrated framework would increase the system complexity,",rsp_rl,3
33b087ec6f7ed73338116763eeae16131361eea7,Radio Resource Management and Path Planning in Intelligent Transportation Systems via Reinforcement Learning for Environmental Sustainability,2024,arXiv.org,5,"Efficient and dynamic path planning has become an important topic for urban areas with larger density of connected vehicles (CV) which results in reduction of travel time and directly contributes to environmental sustainability through reducing energy consumption. CVs exploit the cellular wireless vehicle-to-everything (C-V2X) communication technology to disseminate the vehicle-to-infrastructure (V2I) messages to the Base-station (BS) to improve situation awareness on urban roads. In this paper,",rsp_rl,3
2e54623a0d2ce2f7551a5af35998cc4878b22f16,Multiagent Deep Reinforcement Learning Based Incentive Mechanism for Mobile Crowdsensing in Intelligent Transportation Systems,2024,IEEE Systems Journal,21,"Mobile crowdsensing in intelligent transportation systems is a new data acquisition mode that utilizes vehicles to sense a changing traffic environment, where incentive mechanisms play a vital role in motivating vehicles to participate. Nevertheless, existing incentive mechanisms do not simultaneously consider enhancing the efficiency of task allocation, maximizing the benefits of the entire system, and balancing various costs. Therefore, a two-stage incentive mechanism, considering task aggrega",rsp_rl,3
bac4e33e9d2ed23dde3f573b63c28705466dac90,Path planning for vehicle platoons under routing decisions: a distributed approach combining Deep Reinforcement Learning and Model Predictive Control,2022,"International Conference on Control, Decision and Information Technologies",5,"In this paper, the path planning problem under routing decisions is considered for platoons of autonomous vehicles moving in urban road networks. The key idea is to exploit and adequately combine arguments coming from two research fields: deep reinforcement learning and model predictive control. Along these lines, a novel control architecture is proposed and its feasibility formally proved. In particular, the high-level routing decisions arising from the distributed deep reinforcement learning o",rsp_rl,3
2bf877afe5c7e7a2cd74cd013d91a739cd6e0bcf,Risk-Aware Travel Path Planning Algorithm Based on Reinforcement Learning during COVID-19,2022,Sustainability,7,"The outbreak of COVID-19 brought great inconvenience to people’s daily travel. In order to provide people with a path planning scheme that takes into account both safety and travel distance, a risk aversion path planning model in urban traffic scenarios was established through reinforcement learning. We have designed a state and action space of agents in a “point-to-point” way. Moreover, we have extracted the road network model and impedance matrix through SUMO simulation, and have designed a Re",rsp_rl,3
fced0ae7904f4eb901a3785c4e863c678747e379,An Intelligent Path Planning Scheme of Autonomous Vehicles Platoon Using Deep Reinforcement Learning on Network Edge,2020,IEEE Access,71,"Recent advancements in Intelligent Transportation Systems suggest that the roads will gradually be filled with autonomous vehicles that are able to drive themselves while communicating with each other and the infrastructure. As a representative driving pattern of autonomous vehicles, the platooning technology has great potential for reducing transport costs by lowering fuel consumption and increasing traffic efficiency. In this paper, to improve the driving efficiency of autonomous vehicular pla",rsp_rl,3
fde5f3c93c060da205a3367f3f0c4d1472c1cb6b,Robust Path Planning via Deep Reinforcement Learning,2026,Italian National Conference on Sensors,0,"Deep reinforcement learning (DRL) for autonomous mobile robot navigation faces several inherent limitations. The stochastic nature of actions generated by DRL policies can undermine performance consistency, while inefficient exploration frequently delays the learning process or prevents the discovery of optimal solutions. This research aims to enhance the robustness of path planning by addressing these challenges. To achieve this goal, we propose a hybrid approach that integrates the flexible de",rsp_rl,2
e67cd5b948f2181cd8403c1934e30cf2e26ac08e,ADAPTIVE DISASTER RELIEF ROUTING USING DEEP REINFORCEMENT LEARNING UNDER DYNAMIC ROAD DISRUPTIONS,2026,International Journal of Advanced Research,0,"Natural disasters such as floods frequently disrupt transportation networks, significantly hindering emergency relief logistics and delaying the delivery of critical supplies. Traditional routing optimization methods, including shortest-path algorithms and metaheuristic approaches, typically assume static network conditions and struggle to adapt to rapidly evolving road disruptions. This paper proposes a Deep Reinforcement Learning (DRL) framework for adaptive disaster relief routing in dynamica",rsp_rl,2
3db23a3ab37bf8775700a6451da857cd7ca3ff29,A Hybrid Deep Reinforcement Learning Framework for Vehicle Path Optimization with Time Windows,2026,Algorithms,0,"The vehicle routing problem with time windows (VRPTW) is a core challenge in logistics optimization, requiring the minimization of transportation costs under constraints such as time windows and vehicle capacity. Deep reinforcement learning (DRL) provides an effective approach for solving such complex combinatorial optimization problems. However, existing DRL methods still suffer from shortcomings, including insufficient modeling of spatiotemporal correlations among customer nodes, inadequate ca",rsp_rl,2
fec87da5a3daf146ee309e0a17fa1f49eeb76f19,Secrecy-Aware UAV Path Planning and Offloading Strategy Optimization Using Deep Reinforcement Learning and Particle Swarm Optimization,2026,IEEE transactions on intelligent transportation systems (Print),0,"Efficient management of limited resources, reduced data transmission latency, and improved overall network performance are critical in ground networks. This paper proposes a hierarchical sensing and offloading framework for intelligent transportation systems (ITS), where unmanned aerial vehicles (UAVs) act as mobile data aggregators to support ITS monitoring in areas beyond roadside unit (RSU) coverage, during RSU outages, or under severe ground network congestion. By enabling localized offloadi",rsp_rl,2
0f1fe85b7daca068834b197e273c407df0ebd34a,Autonomous Underwater Vehicle Safety Path Planning Method Based on Constraint Reinforcement Learning,2026,IEEE Transactions on Vehicular Technology,2,"The high cost of the Autonomous Underwater Vehicle (AUV) and the complexity and unpredictability ofunderwater environments highlight safety as a primary concern in AUV path planning. The Leash Actor-Critic (LAC) method based on Constraint Reinforcement Learning (CRL) is proposed in this paper to enhance the safety of decision-making within AUV path planning. First, the actions of the AUV are derived from the CRL framework corresponding to the current state. Subsequently, the safety of the AUV's ",rsp_rl,2
a4effea43f70266b649304b375c8d3619a111edb,A 3D Spatial Information Compression Based Deep Reinforcement Learning Technique for UAV Path Planning in Cluttered Environments,2025,IEEE Open Journal of Vehicular Technology,9,"Unmanned aerial vehicles (UAVs) can be considered in many applications, such as wireless communication, logistics transportation, agriculture and disaster prevention. The flexible maneuverability of UAVs also means that the UAV often operates in complex 3D environments, which requires efficient and reliable path planning system support. However, as a limited resource platform, the UAV systems cannot support highly complex path planning algorithms in lots of scenarios. In this paper, we propose a",rsp_rl,2
ea390648d3c4432440e9037d8e5578c206ef491a,Energy-Efficient Path Planning for Snake Robots Using a Deep Reinforcement Learning-Enhanced A* Algorithm,2025,Biomimetics,1,"Snake-like robots, characterized by their high flexibility and multi-joint structure, exhibit exceptional adaptability to complex terrains such as snowfields, jungles, deserts, and underwater environments. Their ability to navigate narrow spaces and circumvent obstacles makes them ideal for operations in confined or rugged environments. However, efficient motion in such conditions requires not only mechanical flexibility but also effective path planning to ensure safety, energy efficiency, and o",rsp_rl,2
d888d7907ff17e402edaa682e1c9a884b9530d98,Adaptive learning path planning based on reinforcement learning,2025,Region - Educational Research and Reviews,0,"This article proposed the concept of ""fit"", focusing on the matching between learners and the learning environment, and digitally expressing the matching relationship from three levels: education, group, and technology. This study explores a reinforcement learning-based method for generating learning paths, aiming to realize the adaptive generation of learning paths. Experimental results showed this method feasible and effective, with the proposed adaptive BP neural network algorithm having the ",rsp_rl,2
14b3a9ec3d051f3f727b73db0c96bd99a432c9c8,Reinforcement Learning and Loss of Plasticity Phenomenon in Coverage Path Planning Environments: An Exploratory Study,2025,Anais do XXII Encontro Nacional de Inteligência Artificial e Computacional (ENIAC 2025),0,"This paper investigates the phenomenon of loss of plasticity in the context of Reinforcement Learning (RL) applied to Coverage Path Planning (CPP) environments, particularly with the use of curriculum learning. Unlike shortest-path problems, CPP focuses on systematically covering an area. Recent advances in deep RL often face challenges with continual learning, where the network’s ability to adapt diminishes with successive new tasks. We developed a reproducible Gym environment for single-agent ",rsp_rl,2
aba7803aed7c30a590a00252d2d6be355a4d851e,Hierarchical Reinforcement Learning A* for Path Planning,2025,2025 IEEE 102nd Vehicular Technology Conference (VTC2025-Fall),0,"In addressing the path planning problem, recent works consider the integration of the traditional A* algorithm with deep reinforcement learning, employing artificial neural networks as heuristic function, and training the neural networks with reinforcement learning, has been demonstrated to enhance the efficiency of path search in complex environments. However, two problems exist. 1) network retraining is required when encountering unfamiliar environments, 2) following the framework of the A* al",rsp_rl,2
f21060618bee1552f69c8089a39e20e07b601da4,Reinforcement Learning-based Adaptive Path Selection for Programmable Networks,2025,arXiv.org,0,"This work presents a proof-of-concept implementation of a distributed, in-network reinforcement learning (IN-RL) framework for adaptive path selection in programmable networks. By combining Stochastic Learning Automata (SLA) with real-time telemetry data collected via In-Band Network Telemetry (INT), the proposed system enables local, data-driven forwarding decisions that adapt dynamically to congestion conditions. The system is evaluated on a Mininet-based testbed using P4-programmable BMv2 swi",rsp_rl,2
b1ebafd32b4b7169deedb5cd05d2197d497dc68e,A novel reinforcement learning-based multi-operator differential evolution with cubic spline for the path planning problem,2025,Artificial Intelligence Review,20,"Path planning in autonomous driving systems remains a critical challenge, requiring algorithms capable of generating safe, efficient, and reliable routes. Existing state-of-the-art methods, including graph-based and sampling-based approaches, often produce sharp, suboptimal paths and struggle in complex search spaces, while trajectory-based algorithms suffer from high computational costs. Recently, meta-heuristic optimization algorithms have shown effective performance but often lack learning ab",rsp_rl,2
cb7316167c1c6613e6abe39601408b4957d1f205,DNN Task Assignment in UAV Networks: A Generative AI Enhanced Multiagent Reinforcement Learning Approach,2025,IEEE Internet of Things Journal,8,"uncrewed aerial vehicles (UAVs) offer high mobility and flexible deployment capabilities, making them ideal for Internet of Things (IoT) applications. However, the substantial amount of data generated by various applications within the existing low-altitude network requires processing through deep neural networks (DNN) on UAVs, which is challenging due to their limited computational resources. To address this issue, we propose a two-stage optimization method for flight path planning and task all",rsp_rl,2
6737662a07d5509522bfd8d0e3781d92c9fb5cf2,Integrating Deep Reinforcement Learning with AI Algorithms for Optimal Path Planning of Indoor Handling Robots,2025,"2025 9th International Conference on Electrical, Mechanical and Computer Engineering (ICEMCE)",0,"Indoor handling robots play a critical role in automated warehousing, manufacturing workshop material transfer, and other industrial scenarios, where path planning directly affects operational efficiency, safety, and energy consumption. Traditional path planning algorithms face inherent limitations: global algorithms (e.g., $\mathrm{A}^{*}$ algorithm) excel in finding shortest paths based on static maps but lack adaptability to dynamic obstacles (e.g., temporary goods, pedestrians); local algori",rsp_rl,2
ca80b06112836d86821f071ec3e8978cca9af83f,ST-D3QN: Advancing UAV Path Planning With an Enhanced Deep Reinforcement Learning Framework in Ultra-Low Altitudes,2025,IEEE Access,3,"Unmanned aerial vehicles (UAVs) have increasingly become indispensable instruments for surveillance, reconnaissance, and various missions due to their advanced capabilities. In intricate and dynamic operational contexts, especially during ultra-low altitude missions, inadequate communication and coordination impede UAVs’ capacity to avoid other UAVs and moving objects. In this instance, attaining accurate path planning for UAVs constitutes a significant technological problem that requires immedi",rsp_rl,2
cd8871051500e1f306b75dff3a6d45925149efca,Safe Path Planning via Multi-Objective Distributional Reinforcement Learning,2025,2025 5th International Conference on Advanced Algorithms and Neural Networks (AANN),0,"Ensuring safe and efficient trajectory planning in dynamic marine environments poses fundamental challenges for autonomous platforms. We propose a novel reinforcement learning framework that integrates distributional value estimation with continuous control under formal safety constraints. By incorporating Implicit Quantile Networks into an actor-critic architecture, our method captures uncertainty over return distributions while generating stochastic policies in continuous spaces. Safety is enf",rsp_rl,2
74a7806e0909a67fe439aa1cccf1183e22bb492c,An Efficient Collision Avoidance and Navigation Path Planning with Local Motion Planning in Autonomous Robots Using Deep Reinforcement Learning,2025,"International Conference Emerging Trends Engineering, Science and Technology",0,"In robotics, especially in unpredictable environments, navigating and avoiding obstacles is challenging. This article introduces the ECNPLA model, which combines reinforcement learning and deep neural networks for effective robot navigation. It uses a time-series data framework that merges real-time and historical sensor inputs to predict the best navigation actions, like stopping or turning. The model relies on the Markov Decision Process (MDP) for state representation and action planning, usin",rsp_rl,2
66a8bf6efb670a28a8c0626e7462017926c0340f,Off-Policy Deep Reinforcement Learning for Path Planning of Stratospheric Airship,2025,Drones,1,"The stratospheric airship is a vital platform in near-space applications, and achieving autonomous transfer has become a key research focus to meet the demands of diverse mission scenarios. The core challenge lies in planning feasible and efficient paths, which is difficult for traditional algorithms due to the time-varying environment and the highly coupled multi-system dynamics of the airship. This study proposes a deep reinforcement learning algorithm, termed reward-prioritized Long Short-Ter",rsp_rl,2
30aaed44ff812a57572a3d234706c0bfd1029c1c,A Physics-Informed Deep Reinforcement Learning Framework for Obstacle Avoidance and Path Planning of AUV,2025,"2025 4th International Conference on Artificial Intelligence, Human-Computer Interaction and Robotics (AIHCIR)",0,"To address the problem of real-time obstacle avoidance and trajectory planning for autonomous underwater vehicle (AUV) operating in complex and uncertain underwater environments, this paper proposes a physics-informed deep reinforcement learning method (PIDRL). First, a dynamic model of the AUV is established based on the physical characteristics of the underwater environment. Then, a feasibility-checking function is incorporated into the action selection stage, while physics-based constraint te",rsp_rl,2
e48057a9c0f3bbf237d07d1b1def5421f1f8f39b,REINFORCEMENT LEARNING METHOD FOR AUTONOMOUS FLIGHT PATH PLANNING OF MULTIPLE UAVS,2025,Computer Systems and Information Technologies,0,"This study aims to develop a reinforcement learning method for autonomous flight path planning of multiple UAVs under real-world conditions with limited observations and multiple conflicting optimization objectives. The research proposes a multi-agent reinforcement learning approach based on Proximal Policy Optimization (PPO) combined with centralized training and decentralized execution (CTDE). Additionally, a recurrent neural network (RNN) layer is integrated into the critic and actor networks",rsp_rl,2
5f985665e1a6dcb55082f52be301db9d264b173f,Mapless autonomous navigation for UGV in cluttered off-road environment with the guidance of wayshowers using deep reinforcement learning,2025,Applied intelligence (Boston),3,,rsp_rl,2
2569f7d710b27d3b8a7709cb7c7726adecde4a76,Dynamic Charging and Path Planning for UAV-Powered Rechargeable WSNs Using Multi-Agent Deep Reinforcement Learning,2025,IEEE Transactions on Automation Science and Engineering,31,"Unmanned Aerial Vehicle (UAV)-powered 5G/6G networks integrated with rechargeable wireless sensor networks (RWSNs) offer promising solutions for extending system lifetime, collecting data, and providing computing services and power to sensor nodes (SNs). UAVs offer significant advantages, including exceptional mobility, cost-effective deployment, and the ability to be easily reprogrammed for a wide range of missions. However, the limited onboard power capacity of UAVs, coupled with the lack of d",rsp_rl,2
401f2e6fd61911f2167f12b2d6446c97386118fa,Safety-Driven Path Selection Using Reinforcement Learning in Autonomous Driving,2025,International Conference Robotics Systems and Automation Engineering,0,,rsp_rl,2
533a0018970bb9ffd56ef4d4f47164ab54bfcab7,Research on Multi-AGV Rail Transportation Path Planning and Dynamic Obstacle Avoidance Based on Multi-Sensor Environmental Perception and Deep Reinforcement Learning,2025,IEEE Access,2,"Sensor-equipped Automated Guided Vehicles (AGVs) are widely used in material distribution and other logistics processes. Path planning, a critical component of rail transport material handling systems, ensures the efficiency and safety of AGV material transport. Traditional fixed-path AGV transport is costly to maintain and prone to collisions due to path conflicts in large-scale operations. Addressing these challenges, this study first considers the characteristics of real-world rail transport ",rsp_rl,2
9f64fec0da4c4c98c292afc6846f6e38ea3f470a,Risk-Aware Complete Coverage Path Planning Using Reinforcement Learning,2025,"IEEE Transactions on Systems, Man, and Cybernetics: Systems",8,"Complete coverage path planning (CCPP) is a trending research area in floor cleaning robotics. CCPP is often approached as an optimization problem, typically solved by considering factors, such as power consumption and time as key objectives. In recent years, the safety of cleaning robots has become a major concern, which can critically limit the performance and lifetime of the robots. However, so far, optimizing safety has rarely been addressed in CCPP. Most of the path-planning algorithms in l",rsp_rl,2
99870f59047b7dc21608bef211e8ec0719103cc5,Find Us a Safe Path: Risk-Aware Multi-Agent Reinforcement Learning for Unknown Environment,2025,International Conference on Intelligent Cloud Computing,0,"Safe navigation in unknown and dynamic environments remains a key challenge for autonomous multi-robot systems. Traditional methods often depend on global maps or fixed heuristics, limiting scalability and adaptability in complex, unstructured settings. In this work, we propose a risk-aware multi-agent deep reinforcement learning (MADRL) framework for mapless navigation through static and dynamic obstacles. Each robot learns an independent policy using local LiDAR, goal, and velocity data, with ",rsp_rl,2
7074cfc05175c6717dbd7c63c69cefed46c1908a,Human-Risk-Aware Safe Path Planning Based on Reinforcement Learning for Autonomous Mobile Robots,2025,Italian National Conference on Sensors,2,"This paper addresses the challenge of safe path planning for mobile robots operating in human-shared environments, where human movements are inherently stochastic. To this end, we propose a reinforcement-learning-based path planning algorithm that accounts for human-related uncertainties at the planning level. The algorithm first employs a Markov decision process learner to explore the environment and generate multiple candidate paths. Second, to reduce computational redundancy, a path eliminato",rsp_rl,2
f273886d5132e4f8d711f167333c8c7e9237f28d,Inverse Reinforcement Learning with DQN for Interference-Aware UAV Path Planning,2025,2025 4th International Joint Conference on Information and Communication Engineering (JCICE),0,"This paper investigates the multi-objective optimization of path planning and power allocation in Unmanned Arieal Vehicle (UAV)-assisted networks, aiming to minimize the bidirectional interference between UAV and ground user equipment (UE) under energy constraints. A Dueling and Double Deep Q-Network (D3QN)-based inverse reinforcement learning (IRL) multi-objective optimization model is developed in this paper. The proposed model is capable of adaptively adjusting the reward function in response",rsp_rl,2
e98e6aff6d3a6ca28c51224699e18d578602b582,A Hybrid Framework Combining Heuristic Search and Reinforcement Learning for Multi-Objective Cold Chain Vehicle Path Optimization,2025,2025 IEEE 4th International Conference of Safe Production and Informatization (IICSPI),1,"In the modern logistics system, the multi-objective cold chain vehicle routing problem has attracted much attention due to its key role in ensuring food and drug safety, reducing operating costs, and responding to global sustainable development initiatives. This problem is essentially an NP hard combinatorial optimization problem, whose complexity is further exacerbated by the need to simultaneously balance multiple conflicting objectives such as transportation costs, temperature control costs, ",rsp_rl,2
62bd9a8883735935c00ad49a26972ea67c554ed5,Risk-aware deep reinforcement learning for mapless navigation of unmanned surface vehicles in uncertain and congested environments,2025,Ocean Engineering,4,"This paper addresses the navigation problem of Unmanned Surface Vehicles (USVs) in uncertain and congested environments. While previous research has extensively explored USV navigation, most approaches assume that the environmental maps and obstacle locations are pre-known to the USVs. In this paper, we focus on a sensor-level navigation approach that utilizes real-time LiDAR data integrated with deep reinforcement learning (DRL) for decision-making. To tackle sparse reward challenges, we propos",rsp_rl,2
232eb53ce0b419f2dcaf129efdfea06c34f9c7ee,Hybrid Task Allocation and Collision-Aware Path Planning for Autonomous Multi-Vehicle Systems,2025,International Conference on Vehicular Electronics and Safety,0,"This paper presents a hybrid framework for a safe and autonomous Multi-Vehicle system coordination in dynamic, complex settings with priority-based tasks. The system combines A* path planning algorithm with Q-learning-based reinforcement learning to ensure an efficient and safe path. It also applies a Market-based task allocation mechanism that assigns tasks based on the highest bidding, considering the following: priority, urgency, and vehicle proximity. Each vehicle, once assigned to a task, o",rsp_rl,2
8742dfe32086c0dcd0dc456f5367ee887e5dddae,Energy-Efficient Multi-UAV Path Planning for VLC Networks via Multi-Agent Reinforcement Learning,2025,Asia Communications and Photonics conference and Exhibition,0,"Multiple unmanned aerial vehicle (UAV) assisted visible light communication (VLC) has emerged as a promising solution for future wireless networks, owing to its high spectral efficiency and flexible deployment. However, efficiently coordinating multiple UAVs in complex environments while ensuring energy efficiency and collision avoidance remains a challenging task. In this paper, we propose energy-efficient multi-agent path planning (EEMAPP), a multi-agent reinforcement learning (MARL) framework",rsp_rl,2
9dcb87f8fd3c6387dfe9bd036ea140e816e97238,A Reinforcement Learning Framework for Scalable Partitioning and Optimization of Large-Scale Capacitated Vehicle Routing Problems,2025,Electronics,0,"The Capacitated Vehicle Routing Problem (CVRP) is a central challenge in combinatorial optimization, with critical applications in logistics and transportation. Traditional methods struggle with large-scale instances, due to the computational demands, while learned construction models often suffer from degraded solution quality and constraint violations. This work proposes SPORL, a Scalable Partitioning and Optimization via Reinforcement Learning framework for large-scale CVRPs. SPORL decomposes",rsp_rl,2
511f0c1636c22db9922c2c9d06771cf67d199ac2,Path Planning through Multi-Agent Reinforcement Learning in Dynamic Environments,2025,arXiv.org,0,"Path planning in dynamic environments is a fundamental challenge in intelligent transportation and robotics, where obstacles and conditions change over time, introducing uncertainty and requiring continuous adaptation. While existing approaches often assume complete environmental unpredictability or rely on global planners, these assumptions limit scalability and practical deployment in real-world settings. In this paper, we propose a scalable, region-aware reinforcement learning (RL) framework ",rsp_rl,2
4f4ca6cd7811f96e477fc85ac7be599ee70bfbd7,GRRL: Goal-Guided Risk-Inspired Reinforcement Learning for Efficient Autonomous Driving in Off- Road Environment,2024,ACM Cloud and Autonomic Computing Conference,0,"When unmanned ground vehicles (UGVs) are deployed for rescue, pathfinding, and other tasks in off-road scenarios, existing conventional path planners often fail to generate both feasible and efficient trajectories and also require high computational resources. To address these problems, this article introduces a goal-guided, risk-inspired reinforcement learning framework for efficient autonomous driving in off-road environments. This tightly coupled navigation framework integrates a perception n",rsp_rl,2
7faec7169a924c4eebd74b6b7154a587f9029377,Deep-Reinforcement-Learning-Based Joint Energy Replenishment and Data Collection Scheme for WRSN,2024,Italian National Conference on Sensors,14,"With the emergence of wireless rechargeable sensor networks (WRSNs), the possibility of wirelessly recharging nodes using mobile charging vehicles (MCVs) has become a reality. However, existing approaches overlook the effective integration of node energy replenishment and mobile data collection processes. In this paper, we propose a joint energy replenishment and data collection scheme (D-JERDG) for WRSNs based on deep reinforcement learning. By capitalizing on the high mobility of unmanned aeri",rsp_rl,2
d8c4e7dc878430e42507a536f60f85d516d563dd,Safe Reinforcement Learning for Risk-Aware UAV-Assisted Mobile Edge Computing Networks,2024,2024 IEEE 13th Data Driven Control and Learning Systems Conference (DDCLS),0,"Mobile Edge Computing (MEC) empowers mobile users (MUs) to execute tasks with high computational demands by harnessing the computational capabilities of the network edge. Concurrently, the unmanned aerial vehicle (UAV) enhances wireless systems with adaptable deployment. Utilizing UAV s equipped with computing resources as edge nodes for ground MUs presents a highly promising paradigm. However, the presence of risk areas within the flight range poses significant challenges to flight safety durin",rsp_rl,2
65167dd14263e8b77b3bf44611d551b5a8af6017,SMART: Cost-Aware Service Migration Path Selection Based on Deep Reinforcement Learning,2024,IEEE transactions on intelligent transportation systems (Print),8,"With the large-scale commercial use of 5G technology, the era of Mobile Edge Computing with the Internet of Everything as the core is opening. Various computing resources are deployed to the edge of the network near the mobile smart terminal, forming a mobile edge environment for numerous application scenarios. Under this environment, the mobile edge network needs to use the path selection method to obtain one or more service data transmission paths and seamlessly migrates the service data to th",rsp_rl,2
e85d18aa3ab40c1c127b080e87d1bb075a1d5c09,DRL Router: Distributional Reinforcement Learning-Based Router for Reliable Shortest Path Problems,2023,IEEE Intelligent Transportation Systems Magazine,9,"This article studies reliable shortest path (RSP) problems in stochastic transportation networks. The term reliability in the RSP literature has many definitions, e.g., 1) maximal stochastic on-time arrival probability, 2) minimal travel time with a high-confidence constraint, 3) minimal mean and standard deviation combination, and 4) minimal expected disutility. To the best of our knowledge, almost all state-of-the-art RSP solutions are designed to target one specific RSP objective, and it is v",rsp_rl,2
4e91bf4795b833c0c55b58c61790f23835cf3ef1,An Improved Quantum-Behaved Particle Swarm Optimization Algorithm Combined with Reinforcement Learning for AUV Path Planning,2023,J. Robotics,25,"In order to solve the problem of fast path planning and effective obstacle avoidance for autonomous underwater vehicles (AUVs) in two-dimensional underwater environment, a path planning algorithm based on deep Q-network and Quantum particle swarm optimization (DQN-QPSO) was proposed. Five actions are defined first: normal, exploration, particle explode, random mutation, and fine-tuning operation. After that, the five actions are selected by DQN decision thinking, and the position information of ",rsp_rl,2
29973bdf071cc0606d69d95c23a7fdeae17db4c5,Enhancing Column Generation by Reinforcement Learning-Based Hyper-Heuristic for Vehicle Routing and Scheduling Problems,2023,Computers & industrial engineering,18,"Column generation (CG) is a vital method to solve large-scale problems by dynamically generating variables. It has extensive applications in common combinatorial optimization, such as vehicle routing and scheduling problems, where each iteration step requires solving an NP-hard constrained shortest path problem. Although some heuristic methods for acceleration already exist, they are not versatile enough to solve different problems. In this work, we propose a reinforcement learning-based hyper-h",rsp_rl,2
374bdd3d34cd26a33862bd9e6aaaed6db3ff07fe,Learning Risk-Aware Costmaps via Inverse Reinforcement Learning for Off-Road Navigation,2023,IEEE International Conference on Robotics and Automation,34,"The process of designing costmaps for off-road driving tasks is often a challenging and engineering-intensive task. Recent work in costmap design for off-road driving focuses on training deep neural networks to predict costmaps from sensory observations using corpora of expert driving data. However, such approaches are generally subject to over-confident mis-predictions and are rarely evaluated in-the-loop on physical hardware. We present an inverse reinforcement learning-based method of efficie",rsp_rl,2
2d82c14faf259d1983bc24bb0713ccdb8faefe02,Optimal reinforcement learning and probabilistic-risk-based path planning and following of autonomous vehicles with obstacle avoidance,2023,"Proceedings of the Institution of mechanical engineers. Part D, journal of automobile engineering",23,"In this paper, a novel algorithm is proposed for the motion planning and path following automated cars with the incorporation of a collision avoidance strategy. This approach is aligned with an optimal reinforcement learning (RL) coupled with a new risk assessment approach. For this purpose, a probabilistic function-based collision avoidance strategy is developed, and the proposed RL approach learns the probability distributions of the adjacent and leading vehicles. Subsequently, the nonlinear m",rsp_rl,2
c298551c59760764263fb38eda945079880aea8a,Anti-conflict AGV path planning in automated container terminals based on multi-agent reinforcement learning,2021,International Journal of Production Research,133,"AGV conflict prevention path planning is a key factor to improve transportation cost and operation efficiency of the container terminal. This paper studies the anti-conflict path planning problem of Automated Guided Vehicle (AGV) in the horizontal transportation area of the Automated Container Terminals (ACTs). According to the characteristics of magnetic nail guided AGVs, a node network is constructed. Through the analysis of two conflict situations, namely the opposite conflict situation and s",rsp_rl,2
21c7992fd0ac7c09d9460c5ac7a4385035f142c3,Risk-Aware Multi-Agent Path Planning for Target Detection: A Multi-Agent Reinforcement Learning Approach,2020,AIAA Scitech 2021 Forum,2,,rsp_rl,2
