idx,title,OD_conditioned,OD_quote,generalization_mechanism,gen_quote,predictive_representation,pred_quote,reward_temporality,rt_quote,reward_alignment,align_quote,compliance_stated,comp_quote,action_feasibility_constraint,actfeas_quote,algorithm_family,source
0,Real-time deep reinforcement learning based vehicle navigation,yes,the xv and yv represent the location of the agent and its destination,none,Another potential future work is to use transfer learning and domain adaptation techniques to fill the gap,none,"the state is defined as a vector with [me, ne, le, xv, yv]",step-wise,the reward function rs is set in an instant reward manner that can be formulated as rst = -(Tst+1 -Tst),individual,The goal of each reinforcement learning agent is to drive its vehicle to reach its destination as quickly as possible,implicit-100%,"the agents could, therefore, make automated real-time navigation decisions that minimize the travel time to reach their destination",enforced,the actions are discrete values corresponding to the decisions of navigating vehicle to m connected edges from the current edge,DQN (Double DQN + Dueling DQN + Prioritized Experience Replay),full-text
1,A reinforcement learning-based routing algorithm for large street networks,yes,"The state of an agent contains the current node and target node, which allows the agent to recognize that state",domain-rand,We reset the environment in every training epoch to randomly sample a different node pair as the start node and destination node for generalization purposes,none,the states include two parts: graph observation and flooding observation,step-wise,R = 1 + rflood if current node == target node; rflood otherwise,individual,the main goal of our evacuation routing problem is to reach the destination safely,implicit-100%,An agent performs an action to receive an updated state to observe the environment and prepare for the next action,action-masking,"we designed an action mask method to avoid invalid actions affecting our policy network, which masks all invalid actions in each state",PPO (policy gradient),full-text
2,Multi-agent reinforcement learning for Markov routing games: A new modeling paradigm for dynamic traffic assignment,no,"oi consists of two components, namely node and time, i.e., oi = (n, t)",other,we broadly categorize agents into C groups and enable Q function sharing within each group,none,Environmental state s consists of some global information such as distribution of agents and traffic condition on each link,step-wise,"rt'(s, a, s') = -(t' - t), i.e., negative travel time",individual,every traveler is a self-interest agent who aims to maximize individual accumulative rewards or minimize individual cost,explicit,human-driven vehicles with intelligent navigation systems where human drivers follow the navigation instructions completely,enforced,the allowable action set for agent i ... consists of all outbound links from node n,MARL (mean-field multi-agent deep Q-learning),full-text
3,Hierarchical Reinforcement Learning for Dynamic Autonomous Vehicle Navigation at Intelligent Intersections,yes,Xdest and Ddest are encodings that represent the destination intersection and the direction of the destination lane to that intersection,graph-inductive,we perform a message-passing neural network within the ego-graph of manager i to obtain the spatially aggregated states,local-prediction,"we can obtain the driving intention of AVs, such as the current approaching direction and desired destination, which intuitively provide foresight",step-wise,"we select the accumulated travel time since the last action time as the reward, following [13]",mixed,Our task is to improve travel efficiency at the system level through joint control of autonomous vehicles and traffic signals,explicit,"we assume all AVs are under control, while HVs are not",not-enforced,"In a regular intersection without turnarounds, the number of possible actions is 3, including turn-left, turn-right, and go-straight",hierarchical RL (feudal architecture with DQN),full-text
4,Urban Traffic Route Guidance Method With High Adaptive Learning Ability Under Diverse Traffic Scenarios,yes,"Given a current location S and destination D, for any node x, the estimation function of node x is obtained",none,"Because RL has lower requirements for system prior knowledge, it is good at learning the new traffic scenario",local-prediction,The congestion index is negatively correlated with the expectation for road traffic in the next time period,step-wise,the difference between the distance of two successive decision points is defined as the reward for the corresponding VRA,mixed,"the A*R2 is designed to integrate both system and user perspectives, i.e., to mitigate the traffic congestion of the system and reduce the TT and TD for the users",explicit,"We start with an assumption of a 100% compliance rate, i.e., all vehicles follow the routes provided by the route guidance method completely",enforced,we can expand the intersection node one-to-many according to the actual construction of the intersection,"MARL (modular 2-agent tabular Q-learning, MQ algorithm)",full-text
5,Reinforcement Learning for Vehicle Route Optimization in SUMO,no,we set the edge ID as the stage with the score of their 3 available moves,none,the next stage we will design a neural network to build a Deep Q-Network framework to cope with more complex transportation network,none,we set the edge ID as the stage with the score of their 3 available moves,step-wise,"we give reward when the vehicle arrive edge gneE4 and give punishment if the vehicle enters gneE2, gneE6 and gneE13",individual,This simulation is to show a vehicle learns how to arrive its destination by selecting the right path to avoid traffic congestion,implicit-100%,Reinforcement learning make action move that based on q-table,not-enforced,"If vehicle enters to a new edge that not covered in the q-table, we will record the edge ID as a new record and assign it moves randomly",Q-learning (tabular),full-text
6,Routing Control Optimization for Autonomous Vehicles in Mixed Traffic Flow Based on Deep Reinforcement Learning,yes,it includes the longitudinal position and lateral position of the current and destination for the AV agent,none,"each agent learned independently like a single agent, and that the environment used was simple as it considered only four-way intersections",none,state sn was defined as an efficient representation of the current traffic conditions,step-wise,rn = w*dsn -(1-w)*ddn,individual,The goal of each AV agent is to drive in a direction that changes toward the destination as quickly and optimally as possible,implicit-100%,"Each AV is considered a DRL agent and is defined by v, which allows the AVs to interact with the environment and learn the policies to reach their destination",enforced,"the set of action is dependent on the structure of the considered intersections. In this paper, we considered four-way intersections",DQN,full-text
7,An Adaptive Route Guidance Model Considering the Effect of Traffic Signals Based on Deep Reinforcement Learning,yes,a vehicle or agent is ready to travel through this network with a predetermined origin-destination (OD) pair,none,we consider and calculate three alternative routes at the departure time of each agent via a routing plan identification algorithm,none,"the state space as a combination of the estimated travel time, the total number of vehicles, and the total length of vehicles",step-wise,the reward function is defined as rt = -Δt plus some penalty to prevent frequent switching between alternative routes,individual,the objective has always been to navigate vehicles toward the destination within the shortest time possible,implicit-100%,a DQN as the policy network can then be trained iteratively by interacting with the simulation until convergence,action-masking,we further combine an action masking technique with the previously mentioned DQN algorithm... we mask those infeasible actions that the agent need not explore,DQN,full-text
8,Transfer Learning-Based Deep Reinforcement Learning Approach for Robust Route Guidance in Mixed Traffic Environment,yes,Di indicates the relative distance from the current position to destination compared to the OD-distance at time step i,transfer,incorporating transfer learning scheme that enables the DRL model of TLARG to converge even in a wide-area urban road network,local-prediction,"PR,S,L_i describes the predicted speed values of subsequent road links connected to the road link where the agent is located",predicted,"the prediction reward rt,prediction is designed to enhance the reliability of route guidance service by reducing the variability of ETA",individual,"the reward function ri consists of four parts, including distance reward, time reward, prediction reward, and trip completion reward",implicit-100%,"The route choice of DRL agent is based on an action space (A), where actions are encoded as discrete values",enforced,"The timing of APi is calculated by the decision area di, which depends on the minimum distance mi",PDDQN (Prioritized Experience Replay-based Double DQN),full-text
9,Development of Reinforcement Learning-based Traffic Predictive Route Guidance Algorithm Under Uncertain Traffic Environment,yes,the RL-TPVR specifies the estimated vehicle location lt in one-dimensional space by using the Euclidean distance (ED) between the estimated vehicle location and destination,none,the proposed routing algorithm does not contain any non-recurrent traffic congestion cases when training the neural networks,local-prediction,Pt describes a set of predicted mean speeds for subsequent links connected to the link at which the agent is located,predicted,"the prediction reward rt,prediction is intended to consider travel time variability",individual,"The agent refers to the ego vehicle, which is provided with a navigation service generated from an optimal policy",implicit-100%,The ego vehicle receives routing guidance and takes action to reach its destination with the shortest travel time,enforced,The action space varies with the number of links connected to the current link at which the ego vehicle is located,PDDQN (Prioritized Experience Replay-based Double DQN),full-text
10,XRouting: Explainable Vehicle Rerouting for Urban Road Congestion Avoidance using Deep Reinforcement Learning,yes,"the Euclidean distance between the start point of each road and that of the destination road, which is denoted by disaim",none,The DRL agent is trained to find the minimum time cost route from the predefined initial road and the destination road,none,"the average speed of each road vavr, the vehicle density of each road dveh, and the average travel time of each road tavr",step-wise,This reward r refers to the time difference between the vehicle stepping into the road Tstart and leaving the road Tend,individual,The training motivation is to make the DRL vehicle choose the next road with the minimum travelling time under the current network circumstance,implicit-100%,we set 50% of the original 150 human vehicles to DRL vehicles,action-masking,"the probability values of the redundant choices will be converted to negative infinity, making them impossible to be chosen by the DRL vehicle",PPO (Gated Transformer policy/value network),full-text
11,RouteRL: Multi-agent reinforcement learning framework for urban route choice with autonomous vehicles,yes,"Generating travel demand data (origin, destination, and departure of each agent) synthetically or importing from user-provided CSV files",none,Providing a fixed random seed to TrafficEnvironment ensures complete experiment reproducibility,none,The observation includes past route choices from earlier timesteps within the same episode,realized,SUMO simulates traffic flow dynamics based on individual route choices and computes agents' travel times,mixed,Altruistic: Minimize delay for everyone; Selfish: Minimize delay for oneself; Social: Minimize delay for oneself and everyone,implicit-100%,each AV every day selects from the finite action space (possible routes) the optimal (in terms of expected reward) route to reach its destination,enforced,"the action space includes discrete route options, created with a dedicated path generator tool JanuX","MARL (IQL, IPPO, VDN, QMIX, MAPPO via TorchRL)",full-text
12,Congestion-Aware Path Planning With Vehicle-Road Cooperation in AIoV,unclear,abstract does not specify whether the state/agent input is conditioned on origin-destination pairs,unclear,abstract gives no detail on any transfer/domain-randomization/meta-RL/graph-inductive mechanism beyond the STGNN prediction module,local-prediction,"Informed by predicted traffic congestion, a path planning method utilizing dueling double deep q-network (D3QN) algorithm is employed to navigate within complex road networks",unclear,abstract does not describe the reward function itself (only that planning is 'informed by predicted traffic congestion'),unclear,abstract does not state whether the objective is individual vehicle travel time or system-wide traffic performance,unclear,abstract contains no statement about driver/vehicle compliance with recommended routes,unclear,"abstract contains no statement on whether action space enforces road-network feasibility (e.g., masking)",D3QN (dueling double deep Q-network) with TCN+STGNN traffic-flow prediction module,abstract-only
13,Reinforcement learning of route choice considering traveler's preference,unclear,abstract does not specify whether agent state includes origin-destination identity,unclear,abstract does not describe a transfer/domain-randomization/meta-RL/graph-inductive mechanism,none,"abstract frames the model around indifference/compulsive preference updating and expected utility, with no mention of a predictive or rollout state component",unclear,abstract does not specify whether reward/utility uses realized or predicted travel outcomes,individual,Travelers always perform some preference during the decision-making process. The preference will affect the decision results and can be improved by continuously learning,unclear,"abstract does not discuss compliance of travelers with any recommended/guided route (this is a route-choice behavior model, not a guidance system)",unclear,abstract does not describe whether the alternative set is constrained to feasible network paths,"Reinforcement learning (non-deep, preference-based route-choice / gain-loss stimulating model)",abstract-only
14,Reinforcement Learning Method with Dynamic Learning Rate for Real-Time Route Guidance Based on SUMO,no,a vehicle tries to find the fastest path from original node 13 to destination node 16,none,"This network totally contains 16 junctions, and a vehicle tries to find the fastest path from original node 13 to destination node 16 ... In the future, this method should be tested under large scale network",none,we measure the mean travelling time of each neighboring road and update the real-time data,realized,tlast is the mean travelling time of the updated road section on the last time step. ttravel is the mean travelling time of the updated road section on the current time step,individual,a vehicle tries to find the fastest path from original node 13 to destination node 16,implicit-100%,"If the vehicle closes to a junction, the corresponding traffic center gives the next direction according to the latest Q-table",enforced,it will detect the mean travelling time of road from i to p and road from i to j,"Q-learning (tabular, dynamic learning rate + traffic-light waiting-time reward term)",full-text
15,Model-Based Deep Reinforcement Learning for Energy Efficient Routing of a Connected and Automated Vehicle,unclear,abstract does not state whether the state representation is conditioned on origin-destination,other,a comparison of the model-based agent with a conventional model-free reinforcement learning agent across varied traffic conditions demonstrates the robustness of the model-based algorithm ... even when the vehicle is subjected to new traffic scenarios,rollout-capable,model-based deep reinforcement learning ... showcases a novel application of the foundational algorithm AlphaGo Zero,unclear,abstract does not describe the reward function or whether it is computed from realized or predicted quantities,individual,the present study applies a model-based deep reinforcement learning approach to address the energy-efficient routing problem in a simulated CAV environment,implicit-100%,The routes recommended by the algorithm are compared to the shortest route calculated by traffic simulation software,unclear,abstract does not describe how action feasibility is enforced,Model-based deep reinforcement learning (AlphaGo-Zero-style),abstract-only
16,Reinforcement Learning-based Sequential Route Recommendation for System-Optimal Traffic Assignment,yes,"S^t_od = {o_od, tt^{p_k}_marginal}|A|_{k=1}, where o_od is a one-hot vector representing the origin and destination of the traveler",context-conditioning,"S^t_od = {o_od, tt^{p_k}_marginal}|A|_{k=1}, where o_od is a one-hot vector representing the origin and destination of the traveler",none,"At each time step t, the agent extracts real-time traffic information st from the road network environment",realized,The marginal travel time tt^p_marginal of a traveler on route p is defined as the sum of travel time of the entering traveler and the additional delay of all travelers experienced on that route p,system,"A central agent sequentially recommends routes to travelers as origin-destination (OD) demands arrive, to minimize total system travel time",implicit-100%,We assume full compliance: all travelers follow the route recommended by the central recommendation agent,action-masking,"The action space defines the feasible route set for an OD pair. An agent selects an route from the action set A = {p1, . . . , pk, . . . , p|A|}","DQN (double dueling deep Q-learning, MSA-guided)",full-text
17,Joint Optimization of Traffic Signal Control and Vehicle Routing in Signalized Road Networks using Multi-Agent Deep Reinforcement Learning,unclear,abstract does not state whether the routing agents' state/policy is conditioned on origin-destination identity,unclear,abstract does not describe any transfer/domain-randomization/meta-RL/graph-inductive mechanism,none,"By establishing relevance between agents and enabling them to share observations and rewards, interaction and cooperation among agents are fostered",unclear,abstract does not specify whether the reward is based on realized or predicted traffic quantities,system,The objective is to enhance network performance by simultaneously controlling signal timings and route choices using Multi-Agent Deep Reinforcement Learning (MADRL),unclear,abstract contains no statement on vehicle/driver compliance with routing agent decisions,unclear,abstract does not describe how route-agent action feasibility is enforced,"MARL (Multi-Agent Advantage Actor-Critic, joint signal-control + routing agents)",abstract-only
18,Dynamic Route Guidance System Based on Real-time Vehicle-Road Collaborations with Deep Reinforcement Learning,no,"the collected state information for the road at learning step t is as follows: St = [Nvl, Vavg/Vmax, D]",other,"this paper proposes to train a road agent using experiences collected from all roads, thus achieving a generalizable approach",local-prediction,"RW calculation is closely related to RA's action, enabling more adaptive prediction of road conditions for the next interval",realized,rst = Nst+1 − Nst is designed to provide instantaneous rewards to the agent based on the number of departing vehicles in the current state,system,We optimize for the global average travel time (ATT) instead of the optimal traffic conditions for any specific road,implicit-100%,we select the vehicles on these road segments to update their routes and ease the congestion,enforced,"For each rerouted vehicle, the k shortest paths are calculated using road weights","DQN (Decisive Weight Road Agent, per-road agent architecture)",full-text
19,Deep Reinforcement Learning for Vehicle Swarm Navigation and Urban Traffic Optimization,unclear,abstract does not specify whether the navigation model's state/policy is conditioned on origin-destination identity,graph-inductive,The model employs a graph neural network to effectively capture dynamic traffic flow patterns,unclear,abstract states the GNN captures dynamic traffic flow patterns but does not clarify whether this constitutes a forward/predictive rollout versus a current-state representation,unclear,abstract does not describe the reward function or whether it is realized or predicted,system,"Rather than creating smart vehicles, we propose a navigation model to guide all vehicles ... reduces average travel time by up to 7.54% and the number of halting vehicles by up to 14.35% compared to traditional methods",implicit-100%,"Rather than creating smart vehicles, we propose a navigation model to guide all vehicles",unclear,abstract does not describe how action feasibility is enforced,GNN-based deep reinforcement learning (specific algorithm family not stated in abstract),abstract-only
20,Population Game-Assisted Multi-Agent Reinforcement Learning Method for Dynamic Multi-Vehicle Route Selection,unclear,abstract does not specify whether agent state is conditioned on origin-destination identity,unclear,abstract does not describe a transfer/domain-randomization/meta-RL/graph-inductive mechanism beyond the population-game structure,none,multi-vehicle route optimization based on traffic flow information and historical data,unclear,abstract does not specify whether the reward driving PLA-RS is computed from realized or predicted quantities,mixed,utilizes a population game between vehicles at each intersection to solve the Nash equilibrium ... experimental results demonstrate that PSRRSM outperforms several comparative algorithms in terms of network throughput and average travel cost,unclear,abstract does not state whether vehicles are assumed to fully comply with recommended routes,unclear,abstract does not describe how action feasibility is enforced,MARL (multi-agent deep deterministic policy gradient; Period Learning Algorithm for Route Selection),abstract-only
21,Modeling of route planning system based on Q value-based dynamic programming with multi-agent reinforcement learning algorithms,unclear,no abstract available and PDF is password-protected; only the title could be read: 'Modeling of route planning system based on Q value-based dynamic programming with multi-agent reinforcement learning algorithms',unclear,no abstract available and PDF is password-protected; only the title could be read,unclear,no abstract available and PDF is password-protected; only the title could be read,unclear,no abstract available and PDF is password-protected; only the title could be read,unclear,no abstract available and PDF is password-protected; only the title could be read,unclear,no abstract available and PDF is password-protected; only the title could be read,unclear,no abstract available and PDF is password-protected; only the title could be read,"Q value-based dynamic programming / multi-agent reinforcement learning (title only, unverified)",abstract-only
22,Individual versus Difference Rewards on Reinforcement Learning for Route Choice,no,An agent's state is the node at which it is located,none,"the agents (vehicles/drivers) are implemented as independent learners, which ignore the existence of other agents",none,"R = −tj (vj), where tj is the travel time function ... applied to the number of vehicles vj on link j",realized,This reward function is used by the IQ-learning ... tj is the travel time function given in Eq. 1 applied to the number of vehicles vj on link j,mixed,"The IQ-learning uses an individual reward function, which aims at finding a policy that maximizes the agents' utility. On the other hand, DQ-learning algorithm shapes the agents' reward based on difference rewards function, and aims at finding a route that maximizes the system's utility",implicit-100%,"the agents (vehicles/drivers) are implemented as independent learners, which ignore the existence of other agents",enforced,The set of the actions are the outbound links from the nodes of the network,"Q-learning (tabular, independent learners; IQ-learning / DQ-learning reward variants)",full-text
23,Route guidance system using multi-agent reinforcement learning,yes,"According to the trip origin (s) node and destination (d) node, this issue can be solved as the optimization problem based on real transportation network",none,This paper proposed a new algorithm based on MARL model for finding shortest and best path in the URN to conduct the vehicles to their destination,unclear,travel cost and edges distance is assumed to be random variable,unclear,"rt = {+1 ... the positive states to continue, -1 ... the negative states to continue}",individual,"A positive reward is given for an action that results in a goal, while small negative rewards are given when the episode ends unsuccessfully",implicit-100%,the next route connected to node will be selected as the prime priority,enforced,some connected routes are removed automatically in the new optimal route computation,MARL (agent-based shortest-path / dynamic-programming with goal-directed reward signaling),full-text
24,Network-aware multi-agent reinforcement learning for the vehicle navigation problem,yes,it submits a routing query to the RL agent consisting of its final destination,context-conditioning,the concatenation of [sq] and s'_i is passed to the Q-network of agent ui,none,State of intersection i at time t consists of the traffic congestion condition in its outgoing roads,step-wise,r(a(s^tau_q)) = -DeltaT ... Delta T = (q'-t) - (q-t),individual,"Reward, r(a(s^tau_q))...Assume that q' is the tau+1 query in path of vehicle q-vc: DeltaT = (q'-t)-(q-t)",implicit-100%,"The vehicle follows the instructions of the routing response, including the next intersection",action-masking,Action of agent ui for s^tau_q...Selecting one of the outgoing road-segments of the intersection i = q-rc-tail,"MARL (DQN-based, Q-learning per intersection agent)",full-text
25,Navigating the non-compliance effects on system optimal route guidance using reinforcement learning,unclear,"each state s in S consists of two parts: the node encoded as a one-dimensional vector, and the global state includes the travel time and density of all links, waiting vehicles at each node, total vehicle count, and time",other,"It inherently possesses the flexibility to accommodate fluctuating demand attributed from its function approximation capabilities, allowing it to generalize to unseen conditions",none,"the global state Xt can be thought of as the network information that is collected, exchanged, and provided through the ATIS",step-wise,"R(s,a) = -TT_Phi(a), where TT_Phi(a) is the travel time on the link associated with action a",mixed,a scenario where each user possesses the capacity to dynamically consider both the system's suggested route guidance and their individual decision-making simultaneously,explicit,we employ a modulating hyperparameter to investigate the impact of varying degrees of non-compliance on the overall system,action-masking,"the Q-values of all the outbound links are masked using a mask vector...A value of 1 in the mask vector signifies that the corresponding outbound link is accessible from the node n, while a value of -infinity inaccessibility",DQN (centralized Q-network) + MARL via NFSP (individual policy network),full-text
26,Reinforcement learning-based route planning method for connected vehicles considering real-time road traffic information,unclear,,unclear,,local-prediction,predictive travel coefficient is proposed to mitigate congestion drift-induced oscillation phenomenon in road networks and enhance overall travel efficiency,unclear,,unclear,,unclear,,unclear,,Q-learning (IBPR-QL),abstract-only
27,Optimization Method of DRL-based Route Planning under Limited Resources,yes,Pd denotes the position of the destination,other,"the attention can improve the decision-making ability and efficiency of the policy network, make it better adapted to different complex environments and tasks",local-prediction,our reward mechanism is designed as the estimated remaining time for the vehicle to reach the action's end point,predicted,"Rs = {-(Dremain/V) on the way, 0 reach the end}, where V is the current vehicle speed",individual,The optimization goal of route planning algorithm is to minimize the vehicle's total travel time,implicit-100%,the vehicle can choose the next action s' with the highest Q-value,enforced,we use S+A as input information into the policy network and get the Q-value to each action separately...the optional action space of vehicle agents is dynamic at each junction,"Double-DQN (improved, with Attention Mechanism policy network)",full-text
28,Vehicle-Road Collaborative Path Planning Based on A*-assisted Deep Reinforcement Learning,yes,"Pd: The absolute position of the destination in cartesian coordinates (Xd, Yd)",other,These ideas aim at improving the convergence speed and enhancing generalization performance of the model,local-prediction,"D: The distance from the end of the road to the destination, obtained by the A* algorithm",predicted,the environment feedbacks expected travel time of the action as an immediate reward: rs = -(Lst+1/Vat+1) on the way,individual,"the global path planning is a time optimization problem, so we choose the optimization objective to design the reward mechanism",implicit-100%,"In each training step, the agent stores the current state s, action a, the reward obtained from the environment r and the next state s' (an experience)",enforced,"When the agent chooses an action, it uses the A* algorithm to determine whether the current action can reach the end point. If not, exclude the action","DQN (Nature-DQN, A*-assisted)",full-text
29,A Deep Reinforcement Learning Approach for Route Planning of Autonomous Vehicles*,no,"s(t) = [x(t), phi_v(t), e(t)]...each with a randomly selected pair ci = (es, ef)",none,"Naturally, if the city of study changes a new agent training is needed to take in account different characteristic as traffic patterns and road network",none,"we define the distance d(t) between the current edge at time t, and the destination edge ef",step-wise,"rshortest(t) = {1 if d(t) < d(t-1), -0.5 otherwise}",individual,"an RL agent is associated with the AV that chooses the best action to obtain the minimum distance, with the minimum number of right/left turns and the maximum number of priority edges",implicit-100%,the AV will select the route that exhibits the best multi-objective strategy enlightened by the best value of the reward,unclear,"When an AV arrives to a node j in J at time t, it can change the edge and can decide among three possible actions: A = {Gostraight, Turnright, Turnleft}","PPO (PPO-Clip, actor-critic, via RLLib)",full-text
30,Dynamic urban traffic rerouting with fog-cloud reinforcement learning,no,"State st = Xt, At (feature and adjacency)...Features considered within a fog node area incorporate two elements: the average speed and the degree of congestion",other,"This adaptable framework is well-suited for various urban transportation networks in terms of size and complexity, capable of creating customized rerouting models by inputting network data and fog node configurations",local-prediction,"an attention mechanism selects vital information and predicts congestion levels, proactively guiding the rerouting framework toward optimal routes for congestion relief",step-wise,"The reward calculation was derived from the collective average speed of the RVs within specific regions, with a focus on the regional level rather than the individual link level",system,"The reward calculation was derived from the collective average speed of the RVs within specific regions, with a focus on the regional level rather than the individual link level",partial-modeled,"The first class, termed rerouting vehicles (RVs), can receive information through connectivity and follow instructions accordingly. The second class, termed background vehicles (BVs), does not have access to this information and cannot be rerouted",unclear,"each fog node receives five action choices known as region indices, representing different potential congestion levels within their respective areas",GAQ: Graph Attention Q-Network (DQN-based),full-text
31,A Deep Reinforcement Learning Framework for Real-Time Vehicle Routing with Dynamic Traffic Conditions,no,"s(t) = {e(t), tslot(t), tnorm(t)}",other,Post-training evaluations were conducted using unseen traffic data sampled from historical TomTom patterns...ensuring that the agent's generalization capability was tested under realistic but new conditions,local-prediction,"The agent observes the current traffic slot and normalized time, allowing it to adapt its routing policy to temporal variations in traffic...exhibiting anticipatory behavior regarding future congestion along the route",step-wise,"rtraffic(t) = -delta*vehicle_count if vehicle_count >= theta, otherwise 0; rshortest(t) based on d(t) <= d(t-1)",individual,The agent aims to find the shortest route toward the destination while avoiding congested roads,implicit-100%,"the transition from state s(t) to next state s' = s(t+1) depends on the action a(t), which determines the next edge e(t+1)",not-enforced,"rinvalid(t) = -mu, if e(t) not in [outEdgesList]",PPO (Actor-Critic),full-text
32,Adaptive Reinforcement Learning Framework for Environmentally Sustainable Route Optimization,no,"St = [vt, rho_t, rt, wt, et]",unclear,,none,Rt = alpha*DeltaEt + beta*Ft - gamma*Tt,step-wise,Rt = alpha . DeltaEt + beta . Ft - gamma . Tt,individual,The reward function incentivizes actions that reduce environmental impact while maintaining efficiency,implicit-100%,,unclear,"Selecting between alternative routes A = {a1, a2, ..., an}; Adjusting speed; Dynamic rerouting based on changing conditions",PPO,full-text
33,Deep Q-Learning-based Route Optimization for Traffic Network,unclear,"The agent receives state input from SUMO such as vehicle speed, delay and responds by rerouting vehicles to minimize travel time",other,"The proportional relationships between fuel consumption, emissions, and cost also validate the agent's ability to generalize efficient routing behaviors across multiple objectives",none,,step-wise,"After rerouting a vehicle, the agent receives a reward and updates its policy through Q-Learning...The reward function is designed to penalize delays and promote actions that reduce travel time and congestion",mixed,The reward function is designed to penalize delays and promote actions that reduce travel time and congestion,implicit-100%,,unclear,,DQN (Deep Q-Learning),full-text
34,Urban Multiple Route Planning Model Using Dynamic Programming in Reinforcement Learning,no,"Every node (intersection) in this route environment is a state s...we adopt the idea of reward shaping, which requires the system to reward the agent when its decisions make progress towards the final goal",none,"Based on the known environment, namely, the known or predictable state transition matrix among states, a model-based RL problem is transformed into a DP problem",local-prediction,"the distance between the current state and the destination and the distance between the next possible state and the destination, TCI, road length, and other factors are taken into account",step-wise,"at each learning step, the agent obtains a reward or penalty, which accelerates the learning process",individual,The reward function decides the instant feedback to every chosen action and serves to guide the agent to the destination,implicit-100%,"it is always 100% under the route planning context, since when a driving direction is selected, the vehicle will be led to the specific intersection, not others",enforced,"In every state, the vehicle has several (normally no more than 6) driving directions, namely, action a, to choose from. Each direction can lead the vehicle to another state","model-based RL / Dynamic Programming (policy iteration, not deep neural network)",full-text
35,GAQ-EBkSP: A DRL-based Urban Traffic Dynamic Rerouting Framework using Fog-Cloud Architecture,no,"state space includes two parts: node feature at each time step t: Xt; and adjacency matrix at each time step t: At...Both vehicles can be detected by fog nodes and share the same destination, but their origins are various",none,,local-prediction,the vehicles have no 'future planning' and cannot choose superior routes jointly. This is the main reason why the proposed model achieves a higher reward,step-wise,we have speed increase reward and speed decrease penalty with threshold of 5 m/s (11 mph),system,"In the reward function, we consider both reward and penalty based on average vehicle speed in the network. The purpose of the proposed dynamic rerouting framework is to maintain and enhance the RVs' efficiency",partial-modeled,Rerouting Vehicles (RV) which are rerouted by implementing the connectivity technology...Background Vehicles (BV) which are not rerouted but are incorporated to add randomness and dynamics in the network,unclear,"each fog node has a discrete action space representing the potential road index of the area: ai = {0, 1, 2, 3, 4}",GAQ: Graph Attention Q-Network (DQN-based),full-text
36,Providing real-time en-route suggestions to CAVs for congestion mitigation: A two-way deep reinforcement learning approach,unclear,N/A (abstract does not describe state representation),unclear,N/A (abstract does not describe generalization mechanism),unclear,N/A (abstract does not describe state/prediction representation),unclear,N/A (abstract does not describe reward structure),mixed,"CAVs conduct real-time learning to minimize their individual travel time, while the information provider offers real-time route suggestions aiming to minimize the system's total travel time",unclear,N/A (abstract does not describe compliance modeling),unclear,N/A (abstract does not describe action space constraints),"custom two-way DRL: Markov game for CAV agents + single-agent MDP for information provider, with Correlated Equilibrium formulation",abstract-only (PDF password-protected)
37,Real-time system optimal traffic routing under uncertainties - Can physics models boost reinforcement learning?,unclear,N/A (abstract does not describe state representation),unclear,N/A (abstract does not describe generalization mechanism),unclear,N/A (abstract does not describe state/prediction representation),unclear,N/A (abstract does not describe reward structure beyond cumulative rewards and KL term),system,System optimal traffic routing can mitigate congestion by assigning routes for a portion of vehicles so that the total travel time of all vehicles in the transportation system can be reduced,implicit-100%,assigning routes for a portion of vehicles so that the total travel time of all vehicles in the transportation system can be reduced,unclear,N/A (abstract does not describe action space constraints),"TransRL: physics-model-guided actor-critic RL distilled from a deterministic teacher policy, benchmarked against PPO and SAC",abstract-only (PDF password-protected)
38,Network-Constrained Policy Optimization for Adaptive Multi-agent Vehicle Routing,unclear,N/A (abstract does not state whether intersection-agent state encodes vehicle destination),graph-inductive,neighborhood state modeled using Graph Attention Networks (GAT),local-prediction,Hub agents use flow-aware state features that combine local congestion and predictive dynamics for proactive routing,unclear,N/A (abstract does not describe reward function),system,"HHAN adopts centralized training with decentralized execution (CTDE) under the Attentive Q-Mixing (A-QMIX) framework, which aggregates asynchronous vehicle decisions via attention",unclear,N/A (abstract does not describe compliance modeling),unclear,N/A (abstract does not describe action-masking or feasibility enforcement),"Hierarchical MARL: decentralized intersection agents (Adaptive Navigation) with GAT, extended by Hierarchical Hub-based Adaptive Navigation using CTDE/Attentive Q-Mixing (A-QMIX)",abstract-only (PDF password-protected)
39,A Data-Driven Reinforcement Learning Based Multi-Objective Route Recommendation System,yes,"the agent creates a reward table based on the road network graph (i.e., G = (N,E)), destination node nd, and the given user's preference",none,one Q-value table is created for the present combination of the road network graph and given user preferences,local-prediction,"we utilize the existing predictors for air quality, travel time, and fuel consumption estimations to update the road network graph periodically",predicted,"we combine the given user preference and all predicted values of travel time, fuel consumption, and air quality of the edge",individual,"considering the given user's preference for travel time, fuel consumption, and air quality",implicit-100%,the proposed system chooses the edge corresponding to the maximum Q-value from all possible edges,enforced,"the agent considers all possible edges ({ei,l, ei,m, ...ei,u}) from the current node (ni)",Tabular Q-learning (Watkins & Dayan) with per-destination reward/Q-value adjacency-matrix tables,full-text
40,Emergency vehicle rescue route optimization based on deep reinforcement learning in highway network,unclear,N/A (abstract does not describe state representation),unclear,N/A (abstract does not describe generalization mechanism),unclear,N/A (abstract does not describe predictive state representation),step-wise,"road network nodes are prioritized based on the spatial transfer scale, and a corresponding reward scheme is designed",individual,this paper proposes a deep reinforcement learning-based method to optimize the rescue routes of EVs on the highway,unclear,N/A (abstract does not describe compliance modeling),action-masking,the action masking technique is applied to reduce the dimension of the action space during the decision-making of the agent,"DRL (specific algorithm unnamed in abstract), combined with action masking",abstract-only (no PDF available)
41,Autonomous Vehicle Routing Optimization in a Competitive Environment: A Reinforcement Learning Application,yes,there are 50 agents whose destination is randomly assigned to one of the destination nodes,none,"This paper considered two different network sizes, three by three and six by six, to reduce the amount of computational needs",none,"Each intersection is known as a state. For the Scenario, possible actions are D and R",step-wise,reward of each state is based on the time to get to that state from previous states,individual,"when all of the agents are trying to maximize their utility, and if the intelligent agents have conflicted interests",implicit-100%,intelligent agents are connected to the controller that can provide them with the shortest path,enforced,"an agent cannot move outside the network. Also, an agent cannot pass its destination vertically",Tabular Q-learning (Watkins & Dayan) with reverse-order Q-matrix updates,full-text
42,Multi-objective route recommendation method based on Q-learning algorithm,unclear,N/A (abstract does not describe state representation),unclear,N/A (abstract does not describe generalization mechanism),unclear,N/A (abstract does not describe predictive state representation),unclear,N/A (abstract does not describe reward structure),individual,generates recommended routes that satisfy the requirements of different scenarios by combining user preferences,unclear,N/A (abstract does not describe compliance modeling),unclear,N/A (abstract does not describe action space constraints),Tabular Q-learning with dynamic exploration factor and initialized value function,abstract-only (PDF password-protected)
43,Agent-Based Route Planning with Deep Q Learning,yes,two coordinate data for the position information of the target point,none,"In the SUMO simulation environment, 12 interconnected roads are created. All roads in the system have 4 lanes",none,"three status information expressing the vehicle congestion on the neighboring roads, two coordinate status information indicating the location",step-wise,"The cumulative reward, on the other hand, proceeds by adding the reward value after each decision region",individual,The agent expects to take the waiting passenger to the desired location in the fastest way possible,implicit-100%,"In cases where the agent does not have the right to explore, it takes the action corresponding to the largest Q value",enforced,the agent is not free to select all the elements of the action space when it comes to such intersections,"Deep Q-Network (4-layer neural network, epsilon-greedy exploration)",full-text
44,Urban traffic dynamic rerouting framework: A DRL-based model with fog-cloud architecture,unclear,N/A (abstract does not clarify whether GAQ's road-index decision is destination-conditioned),graph-inductive,"GAQ analyzes the traffic conditions on each road and for each fog area, and then assigns a road index based on the information attention",unclear,N/A (abstract does not describe explicit predictive rollout capability),unclear,N/A (abstract does not describe reward structure),system,vehicle rerouting using the proposed model can help attain higher speed and reduces possibility of severe congestion,unclear,N/A (abstract does not describe compliance modeling),unclear,N/A (abstract does not describe action space constraints),"GAQ (Graph Attention Network - Deep Q Learning) combined with EBkSP (Entropy-Based k-Shortest Path), fog-cloud architecture",abstract-only (PDF password-protected)
45,Realtime vehicle route optimisation via DQN for sustainable and resilient urban transportation network,unclear,N/A (abstract does not describe state representation),unclear,N/A (abstract does not describe generalization mechanism),unclear,N/A (abstract does not describe predictive state representation),unclear,N/A (abstract does not describe reward computation basis),individual,"reduce the travel time for emergency vehicle (resilience), and reduce vehicle emissions for general vehicle (sustainability)",unclear,N/A (abstract does not describe compliance modeling),unclear,N/A (abstract does not describe action space constraints),DQN (Deep Q-Network),abstract-only (PDF password-protected)
46,Optimizing Traffic Routes With Enhanced Double Q-Learning,unclear,N/A (abstract does not describe state representation),unclear,"N/A (abstract does not describe generalization mechanism; scalability across network sizes tested, not transfer)",unclear,N/A (abstract does not describe predictive state representation),unclear,N/A (abstract does not describe reward structure),unclear,N/A (abstract discusses travel time/congestion reduction without distinguishing individual vs. system objective),unclear,N/A (abstract does not describe compliance modeling),unclear,N/A (abstract does not describe action space constraints),"Double Q-Learning enhanced with Prioritized Experience Replay (DQL-PER), compared to Q-learning, DQL, and DQN",abstract-only (PDF password-protected)
47,Multi-agent deep reinforcement learning based on cloud-edge computing for urban vehicle route guidance,unclear,N/A (no abstract or full text available),unclear,N/A (no abstract or full text available),unclear,N/A (no abstract or full text available),unclear,N/A (no abstract or full text available),unclear,N/A (no abstract or full text available),unclear,N/A (no abstract or full text available),unclear,N/A (no abstract or full text available),Multi-agent deep reinforcement learning based on cloud-edge computing for urban vehicle route guidance (title only; algorithm family stated as multi-agent DRL),"abstract-only (title only, no abstract; PDF password-protected)"
48,Meta-deep q-learning for eco-routing,no,"The agent considers the intersection at the bottom-left corner as the origin, and the intersection at the top-right corner as the destination",meta-RL,Meta-learning can help the model adapt to a new traffic environment quickly...it is expected to further generalize the model on meta-level learner,none,"The state space is defined as S = {(u, v, r_v, t_v)}...r_v is the traffic signal status flag...t_v is the arrival time when the vehicle arrives at intersection v",realized,Each link-based cost is obtained by averaging the costs of all the vehicles that drive through the link over a short period of time,individual,drivers' different preferences on saving travel time and fuel consumption,implicit-100%,The vehicle that requests eco-routing service downloads the model from the remote data center...applied to the concerned vehicle for its eco-routing,enforced,"consists of 16 signalized intersections, 18 two-way links, and 6 one-way links",DQN (multi-objective meta-deep Q-learning / MOM-DQL),full-text
49,Sharing diverse information gets driver agents to learn faster: an application in en route trip building,no,"Nodes n in N are seen as states the agents might be in, and the outgoing edges of a node n are the possible actions for that given state",none,"In Q-learning, the agent keeps a table of Q-values that estimate how good it is for it to take an action a in state s",local-prediction,"the infrastructure communicates to the agent information about the state of the nearby edges, in terms of which rewards an agent can expect if it selects to use that particular link",realized,"Upon choosing an action (edge) e, v perceives its reward...this reward is actually computed by the simulator, rather than by an abstract cost function",individual,"the reward is -t^v_e, as we want to make sure the agents prefer to take edges that minimize travel times",implicit-100%,"an agent chooses to follow the optimal values with a probability 1 - epsilon, and takes a random action with a probability epsilon (agent is itself the vehicle acting in the simulator)",enforced,the outgoing edges of a node n are the possible actions for that given state,MARL tabular Q-learning with C2I communication augmentation,full-text
50,Regional route guidance with realistic compliance patterns: Application of deep reinforcement learning and MPC,unclear,"utilizes regional approaches (i.e., network-level macroscopic traffic models) to capture traffic dynamics...employing uniformly sampled vehicles as controllable targets",unclear,not specified in abstract; abstract discusses model-based (MPC) vs data-driven (deep RL) solution approaches but no generalization mechanism named,unclear,not specified in abstract,unclear,the balance reward in a deep reinforcement learning-based approach enables controllable agents to reduce trip costs while compromising partial system utility (temporality of reward not specified),mixed,the balance reward in a deep reinforcement learning-based approach enables controllable agents to reduce trip costs while compromising partial system utility,explicit,"These models, however, overlook the inherent nature of individual drivers' compliance...send customized route plans to compliant individuals",unclear,not specified in abstract,MPC-based and deep reinforcement learning-based schemes (multi-agent vs single-agent compared),abstract-only
51,A multiagent reinforcement learning approach to en-route trip building,unclear,No abstract or full text available (title only); cross-referenced in dos Santos & Bazzan (2021): 'this is used to allow agents to learn how to build routes',unclear,"No abstract or full text available; cross-reference only describes macroscopic cost-function approach, no generalization mechanism named",unclear,"cross-referenced only: 'they use a macroscopic perspective by means of cost functions that compute the abstract travel time' (dos Santos & Bazzan 2021, citing this paper)",realized,"cross-referenced only: 'they use a macroscopic perspective by means of cost functions that compute the abstract travel time' (dos Santos & Bazzan 2021, citing this paper)",unclear,No abstract or full text available,unclear,No abstract or full text available,unclear,No abstract or full text available,"Q-learning (MARL, tabular) -- inferred from cross-reference: 'a study conducted by Bazzan & Grunitzki (2016) shows that...the learning rate alpha does not play a major role' (dos Santos & Bazzan 2021)",abstract-only
52,Connected vehicles' dynamic route planning based on reinforcement learning,no,"the state of a vehicle in the road network is expressed as (i,j)...the vehicle is on the road between the two intersections (no destination encoded in state)",none,"the table-record method is more suitable for this case in this study (tabular Q-value approach, no transfer/meta/domain-randomization mechanism described)",none,"these factors are calculated based on real-time road traffic conditions, allowing the algorithm to dynamically select relatively smooth roads (based on current, not predicted, vehicle counts)",realized,"If it is closer to the destination, the agent receives a reward, but if it is farther away, the agent receives a smaller penalty",individual,The agent can adjust its strategy according to the change of state and the feedback from the environment (single vehicle agent reward),implicit-100%,"the agent converts the current road of the connected vehicle into the state (i,j)...calculates the next road Nr according to the strategy it had learned",not-enforced,"If they are not directly connected, a penalty is fed back to the agent (infeasible action penalized rather than masked)",DQN / DDQN / Dueling DQN and proposed dynamical-weighted Q-learning (DWQL),full-text
53,A reinforcement learning scheme for the equilibrium of the in-vehicle route choice problem based on congestion game,unclear,the Bush-Mosteller (B-M) reinforcement learning (RL) scheme is introduced to model the route choice behaviors of the travelers in traffic networks (OD structure not detailed in abstract),none,a distributed algorithm based on B-M RL scheme is devised to solve the TAP (no generalization mechanism mentioned),unclear,not specified in abstract,unclear,not specified in abstract,individual,travelers...aim to seek the optimal travel routes that minimize their individual travel time,implicit-100%,"the route choice behaviors of the travelers in traffic networks (agent's choice is the traveler's own behavior, no separate compliance step described)",unclear,not specified in abstract,"Bush-Mosteller reinforcement learning (learning automata, non-deep)",abstract-only
54,Robust Route Planning with Distributional Reinforcement Learning in a Stochastic Road Network Environment,unclear,Route planning is essential to mobile robot navigation problems (OD conditioning not detailed in abstract),none,our method is evaluated in a simulated road network environment (no explicit generalization mechanism stated),unclear,not specified in abstract,unclear,not specified in abstract,individual,Policies based on the second-order stochastic dominance (SSD) relation can be used to make adjustable route decisions according to user preference on performance robustness,unclear,not specified in abstract,unclear,not specified in abstract,Distributional reinforcement learning (specific algorithm unspecified),abstract-only
55,Deep Reinforcement Learning for Optimizing Route Planning in Urban Traffic,unclear,we use DRL to make autonomous decisions to reduce travel time and congestion of routes (OD conditioning not detailed),unclear,"the model is so adaptable to changing traffic patterns, the model guarantees that (vague, no specific mechanism named)",unclear,"With this rendering of real time traffic data, we use DRL to make autonomous decisions (prediction not explicitly stated)",unclear,not specified in abstract,mixed,we use DRL to make autonomous decisions to reduce travel time and congestion of routes...greatly enhance route efficiency and overall traffic flow management,unclear,not specified in abstract,unclear,not specified in abstract,Deep reinforcement learning (unspecified algorithm),abstract-only
56,Vehicle-Infrastructure Cooperation Framework for Vehicle Navigation and Traffic Signal Control using Deep Reinforcement Learning,unclear,vehicle agents determine the next routing step as vehicles approach intersections (OD conditioning not detailed in abstract),none,modeled as a partially observable Markov decision process (no explicit generalization mechanism named),none,"Based on real-time road condition information, roadside agents can flexibly adjust signal phases, while vehicle agents determine the next routing step",unclear,"Rewards for the vehicle navigation task, based on spatiotemporal dimensions...ensure that reinforcement learning agents continuously improve their traffic efficiency optimization capabilities (temporality unspecified)",mixed,"Rewards for the vehicle navigation task, based on spatiotemporal dimensions, and for the pressure-based signal control task, ensure...traffic efficiency optimization",unclear,not specified in abstract,unclear,not specified in abstract,"Multi-agent RL (vehicle agents + roadside signal-control agents), POMDP-based",abstract-only
57,VEGA: Electric Vehicle Navigation Agent via Physics-Informed Neural Operator and Proximal Policy Optimization,yes,"a Proximal Policy Optimization (PPO) agent that navigates a charger-annotated road graph, jointly selecting routes and charging stops under state-of-charge constraints",graph-inductive,The learned policy generalizes without retraining to road networks in France and Japan,rollout-capable,VEGA produces a feasible 20-stop plan with 56.12h total trip time and minimum SoC 11.41% (indicates whole-route/multi-stop plan rather than single-step local decision),unclear,not specified in abstract,individual,a vehicle-adaptive energy-aware routing system for electric vehicles (EVs) that integrates physics-informed parameter estimation with RL-based charge-aware path planning,unclear,not specified in abstract,enforced,jointly selecting routes and charging stops under state-of-charge constraints,Proximal Policy Optimization (PPO) with behavior cloning initialization and physics-informed neural operator (PINO),abstract-only
58,"Combining Car-to-Infrastructure Communication and Multi-Agent Reinforcement Learning in Route Choice [NOTE: pdf_path content mismatch -- actual PDF read is Santos, Bazzan & Baumgardt 2021 JIDM extended-version paper, not the 2016 ATT@IJCAI paper listed here]",no,"Nodes n in N are seen as states the agents might be in, and the outgoing edges from n are the possible actions associated with that given state",none,"they use the Q-learning algorithm (Section 2.2) to update the value of each pair state-action (tabular, no explicit generalization mechanism)",local-prediction,CommDevs communicate with vehicles and exchange information related to local traffic data...inform the agents about which rewards can be expected from that intersection on,realized,"Upon choosing an action (an edge e), v perceives its reward, which is the negative of its travel time and is given by the traffic simulator",mixed,"propose the use C2I communication to influence road users to learn routes that are not necessarily aligned with individual best solutions, but, rather, with the global optimum",implicit-100%,the agent uses Q-learning (Section 2.2) to update the value of each pair state-action...and selects an edge to continue the trip (agent is the vehicle itself),enforced,the outgoing edges from n are the possible actions associated with that given state,MARL tabular Q-learning with C2I communication plus UE-to-SO biasing mechanism,full-text
59,Applying Markov decision process to adaptive dynamic route selection model,yes,"For the 5 to 5 origin-destination path, as the final state, the reward is assumed to be the maximum number of 10...identify all possible roads between i and j",none,The ADRS model was developed by combining the MDP and a discrete-choice model (no transfer/meta/domain-randomization mechanism described),none,An agent has a set of states S (instances of nodes in a transportation network)...The transition probability in this problem is equal to 1 as routes definitely reach to the specific nodes,realized,"the momentary reward is defined as r(s,a) = lambda(1/t_a(v))...t_a(v) is travel time of link (action) a assuming that the flow volume in this link is v",individual,an agent seeks to find the best solution by experience and trial and error...agents experienced less average delay in arriving at the destination node when using the ADRS,implicit-100%,"1000 agents were simulated, each of which used the proposed ADRS method, the Nadi-Edrisi MDP...and the DPM for their route selection process",action-masking,"an agent can pass each node only once so, when necessary, the second best node must be selected to avoid backtracking...These constraints do not allow users to pass the limited paths for a specific time",Q-learning (tabular MDP) combined with multinomial logit discrete-choice model (ADRS),full-text
60,A Sustainable Multi-Agent Routing Algorithm for Vehicle Platoons in Urban Networks,unclear,"abstract only describes ""adequately track the assigned path by using real-time traffic data""; no statement that policy is conditioned on arbitrary OD pairs",unclear,no transfer/domain-rand/meta-RL/graph-embedding mechanism mentioned in abstract,unclear,abstract gives no description of state representation or prediction of future traffic,unclear,"abstract states goal is ""reducing traffic congestion and CO2 emissions"" but does not specify whether reward uses realized or predicted values",unclear,"platoon-level framing (""platoon of five vehicles"") without explicit individual-vs-system reward statement",unclear,no discussion of driver/vehicle compliance with assigned routes,enforced,the MPC unit allows to adequately track the assigned path by using real-time traffic data,DRL + MPC (hybrid),abstract-only
61,Distributed Learning for Vehicle Routing Decision in Software Defined Internet of Vehicles,unclear,"abstract discusses ""real-time vehicle routing decision"" without stating whether policy is OD-conditioned",unclear,no generalization mechanism (transfer/domain-rand/meta-RL/graph-inductive/context-conditioning) is mentioned,unclear,no description of state representation or prediction capability in abstract,unclear,no reward formulation detail given,unclear,"""alleviate traffic congestion with the dynamic changes of the road environment"" suggests a system-level goal but reward function is not described",unclear,no discussion of compliance,unclear,no discussion of feasibility constraints on routing actions,MARL (distributed multi-agent RL),abstract-only
62,Proactive Urban Expressway Guidance: A Hybrid Approach Using Reinforcement Learning and Traffic Prediction Models,yes,"introduces a differentiated guidance approach with multiple origin-destination (OD) pairs, replacing the conventional all-or-nothing route guidance strategies",none,"each agent controls the trafﬁc ﬂow of one OD pair; action is the route division/distribution of vehicles among the feasible paths of the corresponding primary OD, in which the path set is predetermined",rollout-capable,a twin SUMO model is created to make near-future trafﬁc predictions... agents in the proposed TP-RLNG regards predicted trafﬁc condition (given by the prediction module) as their states,realized,"we employ the API in SUMO to approximate vehicular travel times. This estimation, while not reﬂecting the precise travel durations, serves as an indicator of the overall congestion levels within the road network",system,"the cumulative reward for each agent is denoted as Ri, and is uniform across all agents... a fully cooperative framework is employed",partial-modeled,"scenarios with compliance rates 80% and 90% are simulated, and noise levels of 10% and 20% are introduced into the prediction module",unclear,"the output action is the initial diversion strategy of the controlled vehicle, which, once determined, must adhere to the chosen route without any en-route diversion (no explicit statement of masking/enforcement mechanism for feasibility of the diversion vector itself)",MARL actor-critic (VDAC),full-text
63,A Bi-Level Network-Wide Cooperative Driving Approach Including Deep Reinforcement Learning-Based Routing,unclear,"abstract describes ""dynamic routing problem is considered in the upper level"" without stating explicit OD-pair conditioning of the routing policy",unclear,no transfer/domain-rand/meta-RL/graph-inductive mechanism described in abstract,unclear,abstract does not describe the state representation or any predictive/rollout component of the upper-level routing model,unclear,abstract does not specify whether the routing reward is based on realized or predicted travel outcomes,mixed,thereby improving efficiency for both individual vehicles and global traffic systems,unclear,no discussion of driver compliance with routing decisions,unclear,"lower-level MCTS handles right-of-way assignment, but abstract does not state whether the upper-level routing action space is itself constrained/masked for feasibility",MARL + MCTS (hybrid bi-level),abstract-only
64,Self-Organized Routing for Autonomous Vehicles via Deep Reinforcement Learning,unclear,abstract discusses vehicle-level routing decisions under limited traffic information without explicit statement of OD-conditioning,unclear,vehicles can only access localized traffic information; no transfer/domain-rand/meta-RL/graph-embedding mechanism stated,unclear,abstract does not describe any predictive state or rollout mechanism,unclear,no explicit statement of realized vs. predicted reward basis,mixed,we propose a novel reward mechanism to harmonize indirect interactions among vehicles by jointly learning individual and overall efficiency,unclear,no discussion of compliance,unclear,no discussion of action feasibility constraints,DRL (decentralized/independent agents),abstract-only
65,Graph Convolutional Network Based Multi-Objective Meta-Deep Q-Learning for Eco-Routing,no,"the state is defined as X = [traffic signal status, travel time, position of the subject vehicle]; the origin and destination of the target vehicle are set as two fixed locations for a given learning/testing environment, with no destination feature encoded in the state used by the action-value function",meta-RL,"GM2DQL applies the GCN for feature representation, OLS for multi-objective solution, and meta-learning for training",none,We bypass the vehicle trajectory prediction and fuel/energy consumption prediction... historical real-world trajectories and measured instantaneous fuel consumption data are collected from on-road vehicles and directly utilized to train a model,realized,link-based costs are calculated by averaging the costs of all vehicles that drive through a particular link over a short period of time... The reward r is defined as a vector that contains the negative values of costs after an action is taken,individual,the agent is trained under a series of learning environments...GM2DQL can explore the optimal routes with respect to drivers' different preferences on saving fuel and travel time,unclear,no discussion of driver compliance with the predicted eco-route,unclear,"action set A = {left, right, straight} is defined per intersection; no explicit statement of masking infeasible turns (e.g., one-way restrictions) beyond the graph's edge connectivity",DQN (GCN-based meta-deep Q-learning),full-text
66,SEGAC: Sample Efficient Generalized Actor Critic for the Stochastic On-Time Arrival Problem,yes,SEGAC updates the ego vehicle's navigation policy in a sample efficient manner...and is automatically adaptive to new destinations,context-conditioning,is automatically adaptive to new destinations... the pre-trained SEGAC policy network enables its real-time decision-making ability within seconds,unclear,abstract does not describe the internal state representation or any explicit rollout/local-prediction mechanism,unclear,abstract does not specify whether reward is computed from realized or predicted travel-time values,individual,SEGAC updates the ego vehicle's navigation policy...reduces the variance of both value network and policy network during training,unclear,no discussion of driver compliance,unclear,no discussion of action feasibility constraints,Actor-Critic (SEGAC),abstract-only
67,GE-DDRL: Graph Embedding and Deep Distributional Reinforcement Learning for Reliable Shortest Path: A Universal and Scale Free Solution,yes,"GE-DDRL is able to generalize its estimation of the routing policy's travel-time distribution to untrained destination nodes, and hence achieve the 'all-to-all' navigation functionality",graph-inductive,we employ one of the canonical graph embedding techniques (Skip-Gram) to compress the nodes' representation into d-dimensional real-valued vectors,none,"GE-DDRL presumes that the underlying transportation network has a stationary and independent travel time distribution. However, it does not need the explicit modelling of the travel time distribution as inputs",realized,"the immediate reward r is the sampled travel time of Edge i j, i.e., ci j",individual,"the proposed algorithm, namely GE-DDRL, possesses the characteristic of offering the generalized travel-time distribution estimation and thereby is able to navigate the ego vehicle to the unforeseen destination node",implicit-100%,"the state transition function P is a deterministic function, which transports the vehicle to the end node of the current executing link",action-masking,we propose a pruning algorithm to filter out the sub-optimal policy in the exploration step...if check_feasibility(a) then if LET_cost(a) < LET_cost(st) then add a into A'(st),"Distributional RL (FPN-QVN, graph embedding)",full-text
68,Shortest-Time Path Planning Under Carbon Emission Constraints via Reinforcement Learning,yes,"sustainable intelligent transportation systems must support green path planning that simultaneously accounts for arbitrary origin-destination (OD) pairs, strict emission constraints, and large-scale concurrent requests",context-conditioning,"adopts a dual-tower Universal Value Function Approximation architecture based on Deep Q-Networks (UVFA-DQN), integrating topological embeddings with contextual features",unclear,abstract does not describe a predictive state or rollout mechanism beyond the value-function architecture,unclear,abstract does not specify whether reward is computed from realized or predicted emission/time outcomes,individual,"supports large-scale batch inference with throughput exceeding tens of thousands of paths per second (each path optimized as an individual routing request, no system-wide coordination described)",unclear,no discussion of driver/vehicle compliance,enforced,"generates real-time, scalable, and emission-compliant routing solutions under hard carbon constraints...able to generate feasible and structurally consistent paths even when classical constrained shortest-path algorithms fail due to insufficient budgets",DQN (UVFA-DQN),abstract-only
69,DRL Router: Distributional Reinforcement Learning-Based Router for Reliable Shortest Path Problems,yes,"Let ( o, d) be a user-specified origin-destination (OD) pair...the state of the vehicle X(st) is the vehicle's located vertex...the absorbing state is vertex d",none,"no graph-embedding, transfer, domain-rand or meta-RL mechanism is described; the policy is trained for a specified OD pair rather than generalized to unforeseen destinations (contrast with the same authors' later GE-DDRL extension)",none,"the test network...consists of five vertices...and four edges, each of which follows a different travel time distribution (Normal/Lognormal/Gamma/Weibull), i.e. a fixed/stationary per-edge distribution rather than a dynamically predicted one",realized,"the immediate reward rt+1 is the sampled travel time of edge ij, i.e., cij",individual,"a traveler wants to catch up a flight, and his or her original objective is to arrive at the airport before 5:30 p.m....DRL-Router updates the ego vehicle's navigation policy",implicit-100%,"the state transition function P is a deterministic function, which transits the vehicle to the end node of the current executing link",unclear,action set at each vertex is simply the outgoing edges A(s); no explicit masking/enforcement mechanism for feasibility beyond graph connectivity is described,Distributional RL (C51-based DQN),full-text
70,Optimization Path Planning Algorithm Based on Deep Reinforcement Learning,unclear,"performance indexes discuss ""the distance from the starting point to the end point"" without stating whether the policy is conditioned on arbitrary OD pairs",unclear,no transfer/domain-rand/meta-RL/graph-inductive mechanism is described,local-prediction,The prediction function of DRL model predicts the future state or output of the model based on historical input and output information and future input information,step-wise,"the reward function includes the reward of reaching the target node, the reward of avoiding congestion and so on",individual,so as to fully consider the actual traffic flow and provide accurate route suggestions for users,unclear,no discussion of driver compliance with suggested routes,unclear,"no discussion of action feasibility constraints (e.g., masking of infeasible turns)",Actor-Critic,full-text
71,Research on Emergency Rescue Path Optimization Method Based on Deep Reinforcement Learning,unclear,focuses on production safety accident-induced congestion for a single emergency scenario; abstract does not state whether the policy generalizes across arbitrary OD pairs,unclear,no transfer/domain-rand/meta-RL/graph-inductive mechanism mentioned in abstract,unclear,abstract does not describe a predictive state or rollout mechanism,unclear,abstract does not specify whether reward is based on realized or predicted congestion/travel-time values,individual,"the proposed method reduces emergency vehicle arrival time by 27.3% compared to traditional algorithms, and 12.8% over standard DQN",unclear,no discussion of compliance,unclear,no discussion of action feasibility constraints,DQN (PERDQN with attention mechanism),abstract-only
72,Safety-Aware Path Planning for Post-Disaster Rescue Vehicles,no,"This thesis studies a single accident point, but in actual environment, there may be multiple accident points.",none,"Our next work will focus on the multi-objective path planning problem, which is more practical.",local-prediction,"designs a Transformer-based prediction algorithm, which predicts whether a path is congested or at risk based on the environmental and resource characteristics of the path",unclear,This metric indicates the total rewards obtained by the agent during a training round.,individual,"improve the rescue efficiency of emergency rescue vehicles, and ensure driving safety",implicit-100%,adjusts the global path of emergency rescue vehicles in real time to avoid congested paths and risky paths,enforced,emergency rescue vehicles should avoid paths that may be risky and congested during driving,DQN (with Transformer-based prediction module; authors' PDQN),full-text
73,A Multi-Agent Deep Reinforcement Learning Framework for Dynamic Path Planning in Autonomous Vehicles,unclear,learn how to drive safely and efficiently while reaching its destination as soon as feasible,unclear,"capable of managing intricate road networks with a variety of vehicle kinds, which bodes well for practical applications",unclear,This enables the vehicles to foresee issues and make informed judgements in response to their surroundings.,unclear,"It responds to changing situations more quickly, is safer, and is more efficient.",mixed,Each car is viewed by the system as a team member that competes with other cars while also working together.,unclear,uses real-time IoT data collected from the cloud streaming to improve situational awareness and help all self-driving cars,unclear,"accounting for the locations of other cars, obstructions, and changes over time","multi-agent DRL (MARL, base algorithm unspecified)","abstract-only (matched PDF file was password-protected and title-mismatched, could not be read)"
74,Path Planning in Urban Environment Based on Traffic Condition Perception and Traffic Light Status,yes,"saving on driving time and waiting time to reach any destinations, compared to the existing solutions",unclear,it is difficult to design a reasonable cost function for the deterministic algorithm or a reasonable heuristic function,none,"it senses the traffic light status, distribution and vehicle positions in the road network on each road section through V2V and V2I communication",unclear,we use an A2C-based deep reinforcement learning method to dynamically plan the shortest path for the vehicle in real time,individual,we use an A2C-based deep reinforcement learning method to dynamically plan the shortest path for the vehicle in real time,unclear,Experiments show that the proposed method works effectively in terms of saving on driving time and waiting time,unclear,"considering the effects of pedestrians, traffic lights, etc.",A2C,abstract-only
75,Autonomous Vehicles in Smart Cities: a Deep Reinforcement Learning Solution,unclear,perform Routing actions in real-time while considering the actual traffic situation on the overall road network,unclear,allowing the use of complex operating scenarios and the integration of information coming from road maps and vehicle state trajectories,none,perform Routing actions in real-time while considering the actual traffic situation on the overall road network,unclear,the proposed algorithm can successfully realize real-time routing decisions and improve accumulated waiting time,unclear,improve accumulated waiting time although the dynamic changes inside the road environment,unclear,"a co-design procedure, involving a microscopic traffic simulator and MATLAB environment, is implemented",unclear,allowing the use of complex operating scenarios and the integration of information coming from road maps,DRL (specific algorithm unspecified in abstract),abstract-only
76,Intelligent Routing in Connected Autonomous Vehicles using the ADAPT-S Learning Architecture,unclear,"enable edge-aware, real-time routing decisions for connected vehicle networks",other,enhanced with attention mechanisms for context-sensitive navigation,unclear,Ant colony optimization is used to refine global routing paths through pheromone-inspired collective learning,unclear,ensuring adaptive optimization under dynamic traffic conditions,mixed,"achieving decentralized coordination, scalability, and responsiveness in connected autonomous vehicle routing systems",unclear,Each vehicle functions as an intelligent agent trained via a multi-agent actor-critic deep reinforcement learning model,unclear,"outperforming traditional routing methods in reducing travel time, congestion, and signal wait periods",multi-agent actor-critic DRL + ant colony optimization (hybrid MARL),abstract-only
77,Situation-aware Path Optimization for Autonomous Systems: A Deep Reinforcement Learning based Approach,yes,"an input layer corresponding to 8 features: start node, end node, time, day, vehicle count, weather, road condition, and special event",none,"Broader validation, including live deployments, handling rare or outlier real world events, and testing transferability to diverse cities or larger networks",rollout-capable,"For every potential path, IRO invokes adaptive Monte Carlo sampling to quantify travel time variability and the probability of events that could impact the route",step-wise,The multi-objective reward function is defined as R = α1 · (−time) + α2 · speed + α3 · (−queue) + α4 · safety,individual,"selecting routes that optimize not only for speed but also for risk, congestion, and environmental safety across various transport modes",implicit-100%,"Once the DQN selects the best route, travel times were estimated for three different modes of transport using the Monte Carlo approach",unclear,"a Deep Reinforcement Learning agent equipped with a deep Q-network evaluates a broad action space, selecting routes",DQN (PathSelectionDQN) within an NN+HMM+Monte-Carlo pipeline,full-text
78,Resilient Multi-Agent Deep Reinforcement Learning for Routing Control via Traffic Cost Fields,unclear,"make periodic intersection-level next-hop decisions from masked local observations, enabling decentralized execution at scale",unclear,A shared-parameter multi-agent actor-critic policy is trained with Proximal Policy Optimization (PPO),unclear,maintain factorized edge-wise signals as an interpretable interface between traffic states and routing decisions,unclear,Experiments on an abstracted road graph extracted from Shenzhen show improved average and tail travel-time performance,system,individually optimal routing can degrade system-level efficiency under mixed compliance,explicit,individually optimal routing can degrade system-level efficiency under mixed compliance,unclear,make periodic intersection-level next-hop decisions from masked local observations,multi-agent actor-critic with PPO (MARL),abstract-only
79,Dynamic Route Optimization using D* Lite and DQN Algorithm,yes,"Input: Graph G(V, E), Start node sstart, Goal node sgoal",none,"Future scopes includes scaling the model to larger city networks, introduce multi-agent coordination of vehicles distributed",none,the DQN agent learns locality decisions based on traffic aware congestion from past data,realized,"Execute at, observe reward rt and next state st+1",individual,minimizing travel cost and travel delay,implicit-100%,Follow D* Lite's planned segment to si+1,unclear,the street network is represented in the form of a weighted graph and reads synthetic traffic data via JSON inputs,Hybrid D* Lite + DQN,full-text
80,Reinforcement Learning for Dynamic Traffic Management: A Scalable Approach to Congestion Reduction,yes,the system intelligently reroutes origin-destination (OD) vehicles to mitigate congestion near the event area while allowing partial access when necessary,unclear,highlighting its potential as a scalable and adaptive solution for congestion mitigation in dynamic urban settings,unclear,"the agent learns adaptive movement strategies that balance shortest-path efficiency with congestion avoidance, effectively reducing bottlenecks in real time",unclear,Experimental results demonstrate that our RL-driven traffic management strategy significantly improves traffic flow efficiency,mixed,"the agent learns adaptive movement strategies that balance shortest-path efficiency with congestion avoidance, effectively reducing bottlenecks in real time",unclear,the system intelligently reroutes origin-destination (OD) vehicles to mitigate congestion near the event area while allowing partial access when necessary,enforced,mitigate congestion near the event area while allowing partial access when necessary,RL (specific algorithm unspecified),abstract-only
81,A Communication Resource Enhanced Intelligent Road Traffic Routing Scheme,unclear,existing route planing schemes ignore the limitations of communication bandwidth and the same planing strategy are provided for all vehicles,unclear,Considering the spatial and temporal correlation of the traffic network and the multi-agent features,unclear,we propose a maximum traffic density model for safe driving in a road segment based on the Preceding-Reaction time (PRT),unclear,Simulation results demonstrate that the proposed model can reduce system congestion effectively and improve transportation efficiency,system,the proposed model can reduce system congestion effectively and improve transportation efficiency,unclear,provides secure and efficient route planning services for traffic network,enforced,we propose a maximum traffic density model for safe driving in a road segment based on the Preceding-Reaction time (PRT),MADDPG (Multi-Agent Deep Deterministic Policy Gradient),abstract-only
82,Work-in-Progress: Leveraging the Selfless Driving Model to Reduce Vehicular Network Congestion,no,the start and destination points are fixed within the given map,none,randomly-generated start and destination points are necessary for realistic emulation of traffic routing use cases,none,State refers to a vector that contains information such as the vehicles' location and the congestion ratio (CR) of each edge,step-wise,the reward becomes a −1 penalty for each second the vehicle spent since the last decision,mixed,"we propose a 'selfless' model that minimizes the average travel time of vehicles, while preserving individual vehicle travel deadlines",implicit-100%,The target vehicle will strictly follow the instructions given by the agent to travel in the system,not-enforced,"If the action is invalid, a negative reward, which is a penalty, is given",DQN (deep Q-learning),full-text
83,A Deep Q Learning-Model Predictive Control Approach to vehicle routing and control with platoon constraints,unclear,the capability to deal with the actual traffic congestion while driving the autonomous vehicle to its destination,unclear,"Some simulations on a platoon, consisting of three agents described by double-integrator models, are provided",unclear,the high-level routing decisions are translated into manipulable set-points for Receding Horizon controllers,unclear,making more computational affordable and efficient the control action on the vehicle dynamics,unclear,we deal with the control of platoon of autonomous vehicles driving in Urban Road Networks (URNs),unclear,high-level routing decisions are translated into manipulable set-points for Receding Horizon controllers,enforced,Feasibility and asymptotic closed-loop stability are formally proved,DQN + Model Predictive Control (hybrid),abstract-only
84,A Dynamic Risk-aware Routing Recommendation Using Deep Reinforcement Learning,no,"IMADQN first establishes two separate neural networks (Q-real and Q-estimated) for each agent, with the input being the state corresponding to the agent",none,"all agents share the same experience replay buffer, and then every once in a while, a certain number of experience tuples are randomly sampled",none,The state of an agent can be defined by the point on the grid at a certain moment.,realized,r2i represents the reward based on the change in relative distance between the current position and the destination before and after the action,individual,"Ri is the reward obtained by a single agent after taking a single action, and each Ri consists of three parts",implicit-100%,"At each time step, each agent executes the action with the highest Q-value in the environment according to the neural network",action-masking,"the agent's action is also influenced by its location, as agents located in the corners will have fewer available action directions",MARL (independent multi-agent DQN / IMADQN),full-text
85,Path planning for vehicle platoons under routing decisions: a distributed approach combining Deep Reinforcement Learning and Model Predictive Control,unclear,"the team is driven to the prescribed target position xf, regardless any junction occurrence",none,"The environment is the URN which is traduced into a graph, see figure 3. The graph is translated into a tree with the initial location",none,"S is the set state of the agents, specifically the driving routes of each vehicle",realized,"where sk is the state of the agents at the step k, Nr is the number of road segments, xy k is the number of vehicles",mixed,The aim of the first term is to alleviate traffic congestion. It is the gradient of traffic density over the overall URN,implicit-100%,the high-level routing decisions arising from the distributed deep reinforcement learning operations are translated into manipulable set-points for the underlying bank of receding horizon controllers,enforced,"the PI regions must take of safe distances amongst the vehicles, therefore they have to be derived a level-by-level procedure",Q-learning (DRL) + distributed Model Predictive Control (RHC),full-text
86,A Joint Design of Path Planning and Lane Reservation for Emergency Service in ITS,unclear,The path planning module strategically plans the path with the shortest response time for the EV.,unclear,"we design a distributed intelligent transportation system (DITS) powered by vehicular fog computing (VFC), which offers new possibilities for designing traffic scheduling methods",unclear,The collaborative lane reservation module uses the latest traffic data to create a traffic dispatch strategy to reserve empty lane,unclear,we propose a soft actor-critic-based algorithm as the real-time path planning module,individual,propose a soft actor-critic-based EV rapid passage approach (SACRP) to minimize the response time of EVs,unclear,"The path planning module integrates vital road information, such as lane reservation priority, real-time road data, EV location, and traffic signal information",unclear,"The path planning module integrates vital road information, such as lane reservation priority, real-time road data, EV location, and traffic signal information",Soft Actor-Critic (SAC),abstract-only
87,A Reinforcement Learning-Based Path Recommendation Strategy Considering Broadcast Disturbance and Behavioral Response,unclear,"a Proximal Policy Optimization (PPO)-based reinforcement learning framework is designed, where multiple candidate paths together with the option of retaining the current path are jointly considered",unclear,"For the first time, this paper incorporates broadcast disturbances and behavioral response mechanisms as external control signals into the path recommendation framework",local-prediction,additional delay estimation is integrated to construct an expected travel time representation,predicted,additional delay estimation is integrated to construct an expected travel time representation,individual,"jointly considered in the action space, enabling dynamic path recommendations that balance efficiency and risk",partial-modeled,"Traditional approaches often assume that broadcast instructions can be fully received and strictly executed, overlooking the uncertainties introduced by broadcast reception failure",action-masking,multiple candidate paths together with the option of retaining the current path are jointly considered in the action space,Proximal Policy Optimization (PPO),abstract-only
88,Personalized and Context-aware Route Planning for Edge-assisted Vehicles,yes,"The framework is designed to receive routing requests from vehicles in the form of a tuple <source, destination>, aiming to identify routes that connect them",graph-inductive,"we leverage the GIN-E architecture, a variant of GNN that facilitates the information exchange between the graph vertices, encompassing both node and edge features",local-prediction,"Future road usage, number of vehicles that are expected to travel on the road eij",predicted,"the actual time Ta, instead, is calculated based on the current average speed along the route, which includes the current traffic conditions",mixed,the time taken to reach the destination; and (iii) the global traffic flow to ensure smooth vehicular mobility in the considered area,explicit,The suggested route is re-planned if any of the three following conditions are satisfied: (i) Driver deviates from the suggested route,action-masking,we limit the action space A to a set of K candidate routes,GNN (GIN-E) + DQN,full-text
89,Research on Travel Paths Based on Car-Hailing Services Connecting with Rail Transit,unclear,"extracting origin-destination (OD) pairs, and constructing road network information, the study determines the attraction areas of rail transit stations",unclear,"Based on the relatively stable scheduling of subway trains and the distribution patterns of car-hailing services, this study proposes a combination",unclear,An improved Sarsa algorithm is employed to search for optimal travel paths based on the principle of connection travel,unclear,"An improved Sarsa algorithm is employed to search for optimal travel paths based on the principle of connection travel, providing passengers with better travel decision-making",individual,"search for optimal travel paths based on the principle of connection travel, providing passengers with better travel decision-making",unclear,"Compared to the Q-learning algorithm, the Sarsa algorithm demonstrates a 35% improvement in convergence speed, an 11% reduction in optimal path length",unclear,an improved Sarsa algorithm is employed to search for optimal travel paths based on the principle of connection travel,Sarsa (compared with Q-learning),abstract-only
90,Q-Learning-Based Energy-Aware Route Planning for Electric Vehicles on Real Road Networks with Charging Constraints,yes,"Each state is represented by a 16-dimensional vector that includes distance to the destination, battery level, number of neighbors, nearby charging stations",none,"The environment is modeled as graph structures obtained from Berlin, Istanbul, and Ankara cities using OpenStreetMap data",none,"Each state is represented by a 16-dimensional vector that includes distance to the destination, battery level, number of neighbors, nearby charging stations, and final reward",realized,"The reward function is a multi-component structure that incentivizes approaching the destination, penalizes unnecessary loops and backtracking, and rewards smart charging decisions",individual,Q-learning and hierarchical Q-learning (HRL) based agents trained to generate energy-aware routes on real road networks,unclear,we propose Q-learning and hierarchical Q-learning (HRL) based agents trained to generate energy-aware routes on real road networks,not-enforced,Both approaches deviate from the shortest path only when necessary due to energy constraints and their performance is evaluated by metrics such as total reward,Q-learning / Hierarchical Q-learning (HRL),abstract-only
91,Cutting-Edge Travel Planner: Intelligent Route Recommendation System using Enhanced Learning Scheme with AI Principles,unclear,reinforcement learning is utilized to optimize route recommendations in real-time by defining the problem as a Markov Decision Process (MDP) and training an agent,other,This involves constructing a user-item matrix and applying matrix factorization to learn latent representations for users and routes,unclear,Collaborative filtering techniques are employed to analyze user interactions and discern patterns within historical route data,unclear,training an agent to learn an optimal route selection policy. The model balances exploration and exploitation to adaptively recommend routes,individual,aims to provide personalized and contextually relevant route recommendations tailored to individual user preferences and dynamic environmental conditions,unclear,The model balances exploration and exploitation to adaptively recommend routes that optimize user satisfaction and navigation efficiency,unclear,training an agent to learn an optimal route selection policy,"RL (MDP-based, algorithm unspecified) + Collaborative Filtering",abstract-only
92,Multi-Objective Route Optimization via Dueling DQN for Teleoperated Driving,unclear,"This paper presents a new approach to route optimization for teleoperated driving systems, addressing the multi-objective challenge of simultaneously minimizing travel distance",unclear,We model a real-world urban environment as a graph with stochastic network parameters and employ a Dueling Deep Q-Network (Dueling DQN) architecture,unclear,We model a real-world urban environment as a graph with stochastic network parameters,unclear,"chosen for its ability to decouple state value and action advantage estimation, making it effective for routing problems requiring evaluation of both position quality",individual,"addressing the multi-objective challenge of simultaneously minimizing travel distance, network latency, and maximizing available bandwidth",unclear,unclear -- abstract does not mention driver/vehicle compliance with recommended routes,unclear,unclear -- abstract does not mention feasibility constraints on action selection,Dueling DQN,abstract-only
