include,paperId,title,year,venue,citationCount,doi,query
,ee44286f9edcb1008136b6c1bc12da6a24a411cf,A reinforcement learning scheme for the equilibrium of the in-vehicle route choice problem based on congestion game,2020,Applied Mathematics and Computation,53,10.1016/j.amc.2019.124895,reinforcement learning route guidance
0,913ca15958b7fef9a51f37cccd1253b24760bac4,A Data-Driven Reinforcement Learning Based Multi-Objective Route Recommendation System,2020,IEEE International Conference on Mobile Adhoc and Sensor Systems,19,10.1109/MASS50613.2020.00023,reinforcement learning route guidance
,2e42a40ada84156c33abc0f4ff56a21c313cceb1,Combining Car-to-Infrastructure Communication and Multi-Agent Reinforcement Learning in Route Choice,2016,ATT@IJCAI,9,,reinforcement learning route choice
,d58f2f355613921f878ca54d0e17e32747d8c47f,Comparing Multi-Armed Bandit Algorithms and Q-learning for Multiagent Action Selection: a Case Study in Route Choice,2018,IEEE International Joint Conference on Neural Network,18,10.1109/IJCNN.2018.8489655,reinforcement learning route choice
,d33689e71b8a34d7ecdccb65782b2d4b688595df,Connected vehicles' dynamic route planning based on reinforcement learning,2023,Future generations computer systems,14,10.1016/j.future.2023.11.037,reinforcement learning dynamic route planning
,a2c3d28bbef73657bea5a6ea61a8be2ea2501088,Research on Autonomous Driving Route Planning Method Based on Deep Reinforcement Learning,2025,"2025 International Conference on Mechatronics, Automation and Intelligent Control (MAIC)",0,10.1109/MAIC67965.2025.11468844,reinforcement learning dynamic route planning
0,4c439534dbee8e90a9132c3d5c409e1826fad9b5,Emergency vehicle rescue route optimization based on deep reinforcement learning in highway network,2024,Other Conferences,1,10.1117/12.3054495,reinforcement learning vehicle route optimization
,3564fa84740573bf226bcea29f48b3523879705f,eCharge: Deep Reinforcement Learning Framework for Multi-Objective Electric Vehicle Charging Route Planning,2025,"2025 IEEE 25th International Symposium on Cluster, Cloud and Internet Computing Workshops (CCGridW)",1,10.1109/CCGridW65158.2025.00015,reinforcement learning vehicle route optimization
,f29e628b050c8590e7b24149138c5eb9ae6ca9fb,AlphaRouter: Bridging the Gap Between Reinforcement Learning and Optimization for Vehicle Routing with Monte Carlo Tree Searches,2025,Entropy,1,10.3390/e27030251,reinforcement learning vehicle route optimization
1,b61204824bab85fb1b37e30d1b7fca1cab708478,Autonomous Vehicle Routing Optimization in a Competitive Environment: A Reinforcement Learning Application,2018,International Conference on Transportation and Development 2018,3,10.1061/9780784481530.011,reinforcement learning vehicle route optimization
,650f3b8a6c48047c9357bfae1b90c3ec1202b598,Origin-Destination Pattern Effects on Large-Scale Mixed Traffic Control via Multi-Agent Reinforcement Learning,2025,2025 IEEE 28th International Conference on Intelligent Transportation Systems (ITSC),5,10.1109/ITSC60802.2025.11423820,reinforcement learning origin destination routing traffic
,b34a8a967dbbdee9e0305dabc77f00b0c0d6bd21,Dynamic Routing via Reinforcement Learning for Network Traffic Optimization,2025,Informatica,2,10.31449/inf.v49i8.7126,reinforcement learning origin destination routing traffic
,b959a346dff2a58f9c9e132cdb14a1207ebcebaa,An improved ant colony algorithm based on Q-Learning for route planning of autonomous vehicle,2024,International Journal of Computers Communications & Control,9,10.15837/ijccc.2024.3.5382,Q-learning route guidance
0,a64eb66036f1d61432f0608157a8fbdb270aeb63,Multi-objective route recommendation method based on Q-learning algorithm,2022,Journal of Intelligent & Fuzzy Systems,1,10.3233/JIFS-222932,Q-learning route guidance
0,2f51b20fdaee5b493f8b963641c15d5ddb67a668,Agent-Based Route Planning with Deep Q Learning,2021,International Conference on Electrical and Electronics Engineering,1,10.23919/ELECO54474.2021.9677711,Q-learning route guidance
,1507a2f0a147b8d9f57c8c2915e5e40330cd3ee3,Improved Q-learning based route planning method for UAVs in unknown environment,2019,2019 IEEE 15th International Conference on Control and Automation (ICCA),7,10.1109/ICCA.2019.8899478,Q-learning route guidance
,7c16a5bd5d766f58e82373b80ab9184e752f786d,Understanding Route Choice Behaviours Using Macro-Level Patterns: A Q-Learning Approach,2022,Social Science Research Network,0,10.2139/ssrn.4262015,Q-learning route choice
0,2318a85b58bc94c865bcba878e271e9680234462,Urban traffic dynamic rerouting framework: A DRL-based model with fog-cloud architecture,2021,arXiv.org,0,,Q-learning dynamic routing vehicle
,0691401f33c3ea553708fba02de1de49b61ce2fa,Combining multi-agent deep deterministic policy gradient and rerouting technique to improve traffic network performance under mixed traffic conditions,2024,International Conference on Advances in System Simulation,2,10.1177/00375497241237831,Q-learning vehicle navigation traffic
,d889435176c57334fa2b9afb0ab0b6f31c2faa81,VEGA: Electric Vehicle Navigation Agent via Physics-Informed Neural Operator and Proximal Policy Optimization,2025,arXiv.org,0,10.48550/arXiv.2509.13386,proximal policy optimization route guidance
,53d0cdec73981d4101c474645d8b08cf08361fd8,Robust Route Planning with Distributional Reinforcement Learning in a Stochastic Road Network Environment,2023,2023 20th International Conference on Ubiquitous Robots (UR),3,10.1109/UR57808.2023.10202222,deep reinforcement learning road network routing
,394241ca94da7c5e383018b1d3995ea342603e31,Deep Reinforcement Learning Framework for Real-Time Personalized Travel Route Recommendation via LSTM-CNN and Multi-Head Attention Fusion,2025,Informatica,0,10.31449/inf.v49i22.10944,deep reinforcement learning travel time route
,cabadd9fe2fd4559c1fe82c5bf32ccde6d210cf4,Multi-Objective Optimization of Route Planning Based on Distributed Breadth Convolutional Neural Network and Markov Decision Processes,2025,2025 International Conference on Intelligent Communication Networks and Computational Techniques (ICICNCT),0,10.1109/ICICNCT66124.2025.11232671,Markov decision process route guidance
,a6f4f1a4aec364d069d7d1fdf1169a6fd8169b84,Applying Markov decision process to adaptive dynamic route selection model,2019,Proceedings of the Institution of Civil Engineers - Transport,0,10.1680/jtran.19.00085,Markov decision process route guidance
,61064accb8fd8bc6c2b92cf9affa81ace2e452af,Preliminary Study on Cooperative Route Planning Reinforcement Learning with a Focus on Avoiding Intersection Congestion,2024,Future Transportation,0,10.3390/futuretransp4040075,connected automated vehicle route guidance reinforcement learning
