group,idx,title,year,venue,doi,oa_status,acquisition_route,note
corpus-abstract-only,13,Reinforcement learning of route choice considering traveler's preference,,,,NOT-FOUND,"Taylor&Francis Transportation Letters (doi 10.1080/19427867.2023.2231689), no OA copy -> ILL/RISS document delivery OR author full-text request (Xueqin Long et al., Chang-an Univ.)",
corpus-abstract-only,17,Joint Optimization of Traffic Signal Control and Vehicle Routing in Signalized Road Networks using Multi-Agent Deep Reinforcement Learning,2023,arXiv.org,,NOT-FOUND,"ACQUIRED (arXiv, content-verified) -> data/pdfs_acquired/",
corpus-abstract-only,26,Reinforcement learning-based route planning method for connected vehicles considering real-time road traffic information,2024,"Proceedings of the Institution of mechanical engineers. Part D, journal of automobile engineering",,closed,"closed, non-IEEE (SAGE Publishing) -> institutional access / ILL / author request",
corpus-abstract-only,40,Emergency vehicle rescue route optimization based on deep reinforcement learning in highway network,2024,Other Conferences,,closed,"closed, non-IEEE (publisher unknown) -> institutional access / ILL / author request",
corpus-abstract-only,50,Regional route guidance with realistic compliance patterns: Application of deep reinforcement learning and MPC,2024,Transportation Research Part C: Emerging Technologies,10.1016/j.trc.2023.104440,hybrid,Elsevier TR-C hybrid OA -> free at https://doi.org/10.1016/j.trc.2023.104440,doi backfilled from reference list
corpus-abstract-only,51,A multiagent reinforcement learning approach to en-route trip building,2016,2016 IEEE International Joint Conference on Neural Networks (IJCNN),10.1109/IJCNN.2016.7727899,closed,"closed, IEEE venue -> institutional IEEE Xplore download",doi backfilled from reference list
corpus-abstract-only,53,A reinforcement learning scheme for the equilibrium of the in-vehicle route choice problem based on congestion game,2020,Applied Mathematics and Computation,10.1016/j.amc.2019.124895,closed,"closed, non-IEEE (Elsevier BV) -> institutional access / ILL / author request",doi backfilled from reference list
corpus-abstract-only,54,Robust Route Planning with Distributional Reinforcement Learning in a Stochastic Road Network Environment,2023,2023 20th International Conference on Ubiquitous Robots (UR),10.1109/UR57808.2023.10202222,closed,"closed, non-IEEE (publisher unknown) -> institutional access / ILL / author request",doi backfilled from reference list
corpus-abstract-only,55,Deep Reinforcement Learning for Optimizing Route Planning in Urban Traffic,2025,"2025 International Conference on Computational, Communication and Information Technology (ICCCIT)",10.1109/ICCCIT62592.2025.10928029,closed,"closed, non-IEEE (publisher unknown) -> institutional access / ILL / author request",doi backfilled from reference list
corpus-abstract-only,56,Vehicle-Infrastructure Cooperation Framework for Vehicle Navigation and Traffic Signal Control using Deep Reinforcement Learning,2025,Transportation Research Record,10.1177/03611981251359285,closed,"closed, non-IEEE (SAGE Publishing) -> institutional access / ILL / author request",doi backfilled from reference list
corpus-abstract-only,57,VEGA: Electric Vehicle Navigation Agent via Physics-Informed Neural Operator and Proximal Policy Optimization,2025,arXiv.org,10.48550/arxiv.2509.13386,green,"ACQUIRED (arXiv, content-verified) -> data/pdfs_acquired/",doi backfilled from reference list
corpus-abstract-only,60,A Sustainable Multi-Agent Routing Algorithm for Vehicle Platoons in Urban Networks,2023,IEEE Transactions on Intelligent Transportation Systems,10.1109/TITS.2023.3305463,closed,"closed, IEEE venue -> institutional IEEE Xplore download",
corpus-abstract-only,61,Distributed Learning for Vehicle Routing Decision in Software Defined Internet of Vehicles,2021,IEEE Transactions on Intelligent Transportation Systems,10.1109/TITS.2020.3023958,closed,"closed, IEEE venue -> institutional IEEE Xplore download",
corpus-abstract-only,63,A Bi-Level Network-Wide Cooperative Driving Approach Including Deep Reinforcement Learning-Based Routing,2024,IEEE Transactions on Intelligent Vehicles,10.1109/TIV.2023.3305818,closed,"closed, IEEE venue -> institutional IEEE Xplore download",
corpus-abstract-only,64,Self-Organized Routing for Autonomous Vehicles via Deep Reinforcement Learning,2024,IEEE Transactions on Vehicular Technology,10.1109/TVT.2023.3311198,closed,"closed, IEEE venue -> institutional IEEE Xplore download",
corpus-abstract-only,66,SEGAC: Sample Efficient Generalized Actor Critic for the Stochastic On-Time Arrival Problem,2024,IEEE Transactions on Intelligent Transportation Systems,10.1109/TITS.2024.3361445,green,green OA at SMU repository -> browser: https://ink.library.smu.edu.sg/sis_research/8704,
corpus-abstract-only,68,Shortest-Time Path Planning Under Carbon Emission Constraints via Reinforcement Learning,2026,IEEE Access,10.1109/ACCESS.2026.3677440,gold,IEEE Access gold OA -> free on IEEE Xplore,
corpus-abstract-only,71,Research on Emergency Rescue Path Optimization Method Based on Deep Reinforcement Learning,2025,2025 IEEE 3rd International Conference on Image Processing and Computer Applications (ICIPCA),10.1109/ICIPCA65645.2025.11139059,closed,"closed, IEEE venue -> institutional IEEE Xplore download",
corpus-abstract-only,73,A Multi-Agent Deep Reinforcement Learning Framework for Dynamic Path Planning in Autonomous Vehicles,2026,"2026 Sixth International Conference on Advances in Electrical, Computing, Communications and Sustainable Technologies (ICAECT)",10.1109/ICAECT68478.2026.11425999,closed,"closed, non-IEEE (publisher unknown) -> institutional access / ILL / author request",
corpus-abstract-only,74,Path Planning in Urban Environment Based on Traffic Condition Perception and Traffic Light Status,2022,2022 IEEE International Symposium on Product Compliance Engineering - Asia (ISPCE-ASIA),10.1109/ISPCE-ASIA57917.2022.9970805,closed,"closed, IEEE venue -> institutional IEEE Xplore download",
corpus-abstract-only,75,Autonomous Vehicles in Smart Cities: a Deep Reinforcement Learning Solution,2022,"2022 IEEE Intl Conf on Dependable, Autonomic and Secure Computing, Intl Conf on Pervasive Intelligence and Computing, Intl Conf on Cloud and Big Data Computing, Intl Conf on Cyber Science and Technology Congress (DASC/PiCom/CBDCom/CyberSciTech)",10.1109/DASC/PiCom/CBDCom/Cy55231.2022.9927840,closed,"closed, IEEE venue -> institutional IEEE Xplore download",
corpus-abstract-only,76,Intelligent Routing in Connected Autonomous Vehicles using the ADAPT-S Learning Architecture,2025,2025 6th International Conference on Electronics and Sustainable Communication Systems (ICESC),10.1109/ICESC65114.2025.11212408,closed,"closed, non-IEEE (publisher unknown) -> institutional access / ILL / author request",
corpus-abstract-only,78,Resilient Multi-Agent Deep Reinforcement Learning for Routing Control via Traffic Cost Fields,2026,"2026 12th International Conference on Control, Automation and Robotics (ICCAR)",10.1109/ICCAR69571.2026.11549565,closed,"closed, non-IEEE (publisher unknown) -> institutional access / ILL / author request",
corpus-abstract-only,80,Reinforcement Learning for Dynamic Traffic Management: A Scalable Approach to Congestion Reduction,2025,"2025 International Conference on Artificial Intelligence, Computer, Data Sciences and Applications (ACDSA)",10.1109/ACDSA65407.2025.11165977,closed,"closed, non-IEEE (publisher unknown) -> institutional access / ILL / author request",
corpus-abstract-only,81,A Communication Resource Enhanced Intelligent Road Traffic Routing Scheme,2021,2021 International Conference on UK-China Emerging Technologies (UCET),10.1109/UCET54125.2021.9674959,closed,"closed, non-IEEE (publisher unknown) -> institutional access / ILL / author request",
corpus-abstract-only,83,A Deep Q Learning-Model Predictive Control Approach to vehicle routing and control with platoon constraints,2022,2022 IEEE 18th International Conference on Automation Science and Engineering (CASE),10.1109/CASE49997.2022.9926699,closed,"closed, IEEE venue -> institutional IEEE Xplore download",
corpus-abstract-only,86,A Joint Design of Path Planning and Lane Reservation for Emergency Service in ITS,2023,2023 IEEE International Symposium on Product Compliance Engineering - Asia (ISPCE-ASIA),10.1109/ISPCE-ASIA60405.2023.10365789,closed,"closed, IEEE venue -> institutional IEEE Xplore download",
corpus-abstract-only,87,A Reinforcement Learning-Based Path Recommendation Strategy Considering Broadcast Disturbance and Behavioral Response,2025,2025 International Conference on Meta-Networking (MEET),10.1109/MEET67398.2025.11335650,closed,"closed, non-IEEE (publisher unknown) -> institutional access / ILL / author request",
corpus-abstract-only,89,Research on Travel Paths Based on Car-Hailing Services Connecting with Rail Transit,2023,2023 IEEE 26th International Conference on Intelligent Transportation Systems (ITSC),10.1109/ITSC57777.2023.10421829,closed,"closed, IEEE venue -> institutional IEEE Xplore download",
corpus-abstract-only,90,Q-Learning-Based Energy-Aware Route Planning for Electric Vehicles on Real Road Networks with Charging Constraints,2025,2025 Innovations in Intelligent Systems and Applications Conference (ASYU),10.1109/ASYU67174.2025.11208423,closed,"closed, non-IEEE (publisher unknown) -> institutional access / ILL / author request",
corpus-abstract-only,91,Cutting-Edge Travel Planner: Intelligent Route Recommendation System using Enhanced Learning Scheme with AI Principles,2024,2024 Ninth International Conference on Science Technology Engineering and Mathematics (ICONSTEM),10.1109/ICONSTEM60960.2024.10568864,closed,"closed, non-IEEE (publisher unknown) -> institutional access / ILL / author request",
corpus-abstract-only,92,Multi-Objective Route Optimization via Dueling DQN for Teleoperated Driving,2025,GLOBECOM 2025 - 2025 IEEE Global Communications Conference,10.1109/GLOBECOM59602.2025.11432339,closed,"closed, IEEE venue -> institutional IEEE Xplore download",
borderline-in-scope,70,Route Planning and Power Management for PHEVs With Reinforcement Learning,2020,IEEE Transactions on Vehicular Technology,,closed,"closed, IEEE venue -> institutional IEEE Xplore download",
borderline-in-scope,77,Preliminary Study on Cooperative Route Planning Reinforcement Learning with a Focus on Avoiding Intersection Congestion,2024,Future Transportation,,gold,"MDPI gold OA, bot-blocked -> download free in browser: https://www.mdpi.com/2673-7590/4/4/75",
borderline-in-scope,161,A Mixed Generative Adversarial Imitation Learning Based Vehicle Path Planning Algorithm,2024,IEEE Access,10.1109/ACCESS.2024.3412109,gold,IEEE Access gold OA -> free on IEEE Xplore,
borderline-in-scope,206,HERO: Heterogeneous-agent rEinforcement learning-based Route Optimization for Green Transportation in IoVs,2026,IEEE Open Journal of Intelligent Transportation Systems,10.1109/OJITS.2026.3708178,gold,IEEE OJ-ITS gold OA -> free on IEEE Xplore,
borderline-in-scope,357,Disaster-Aware Path Planning Based on Reinforcement Learning for Postearthquake Emergency Response,2025,IEEE Transactions on Geoscience and Remote Sensing,10.1109/TGRS.2025.3582106,closed,"closed, IEEE venue -> institutional IEEE Xplore download",
borderline-in-scope,666,Reinforcement Learning-based Unpredictable Emergency Events,2021,2021 Fifth International Conference On Intelligent Computing in Data Sciences (ICDS),10.1109/ICDS53782.2021.9626720,closed,"closed, non-IEEE (publisher unknown) -> institutional access / ILL / author request",
borderline-in-scope,743,Robust Navigation under Incomplete Localization Using Reinforcement Learning,2020,"2020 IEEE/ION Position, Location and Navigation Symposium (PLANS)",10.1109/PLANS46316.2020.9109920,closed,"closed, IEEE venue -> institutional IEEE Xplore download",
borderline-in-scope,780,Energy Optimal Route Planning Framework for Electric Vehicles Using Hybrid Artificial Intelligence Models,2026,2026 6th International Conference on Trends in Material Science and Inventive Materials (ICTMIM),10.1109/ICTMIM68190.2026.11506680,closed,"closed, non-IEEE (publisher unknown) -> institutional access / ILL / author request",
borderline-in-scope,853,GRAND: Graph Laplacian-based Reinforcement Learning for Autonomous Navigation Decisions,2023,2023 IEEE World Conference on Applied Intelligence and Computing (AIC),10.1109/AIC57670.2023.10263897,closed,"closed, IEEE venue -> institutional IEEE Xplore download",
borderline-in-scope,930,Target-Driven Mapless Navigation for Self-Driving Car,2021,2021 IEEE International Conference on Unmanned Systems (ICUS),10.1109/ICUS52573.2021.9641134,closed,"closed, IEEE venue -> institutional IEEE Xplore download",
