title,year,venue,doi,excluded_term_present,verdict,rationale
"Enhancing Airport Traffic Flow: Intelligent System Based on VLC, Rerouting Techniques, and Adaptive Reward Learning",2025,Sensors,10.3390/s25092842,yes,out-of-scope,"airport AGV/pedestrian management, not road-network per-vehicle OD route guidance"
Guest Editorial: Enhancing Safety in Connected Automated Vehicles (CAVs) for Mixed Traffic Environments,2025,IET Intelligent Transport Systems,10.1049/itr2.70091,yes,out-of-scope,"editorial, not a chartable system"
"Latest breakthroughs, research results, and challenges in intelligent control of autonomous vehicles",2025,Proceedings of the Institution of Mechanical Engineers Part D Journal of Automobile Engineering,10.1177/09544070251327616,yes,out-of-scope,"review of AV control, not a route-selection system"
Adaptive electric vehicle routing and charging with deep reinforcement learning,2026,Transportation Research Interdisciplinary Perspectives,10.1016/j.trip.2025.101795,yes,out-of-scope,"RL (DQN) component governs charging decisions; route choice done by non-RL TDSP shortest-path; EV charging-scheduling exclusion (Sec III-A). ""mobile"" match = mobile charging infrastructure, not mobile-robot"
Enhancing non-motorized travel using reinforcement learning: a novel dynamic route planning approach,2026,Geo-spatial Information Science,10.1080/10095020.2026.2684864,yes,out-of-scope,"non-motorized (pedestrian/cyclist) route planning, not per-vehicle road"
Task Scheduling and Path Planning of Hotel Service Robots Driven by Artificial Intelligence,2025,Informatica,10.31449/inf.v49i9.9444,yes,out-of-scope,service robot path planning
An Internet of Things-enabled adaptive robotic framework for autonomous navigation in smart campus and urban mobility systems,2025,Robotica,10.1017/s026357472510283x,yes,out-of-scope,robotic navigation framework
Adaptive Multi-Agent Coordination for Urban Medicine Delivery in Elderly Care Facilities,2025,,10.36227/techrxiv.176186833.39704028/v1,yes,out-of-scope,multi-robot AMR delivery
SEVAC: Sample Efficient Variational Actor Critic for Reliable Navigation Learning in Uncertain Topological Networks,2026,IEEE Transactions on Robotics,10.1109/tro.2026.3653857,yes,already-represented,"stochastic-on-time reliable-routing design family already charted via SEGAC (corpus idx 66, same group); 2026 robotics-venue variant, ""robot"" term = physical-robot experiment"
