stable_number,submission_number
1,1
2,53
3,56
4,54
5,2
6,3
7,4
8,14
9,15
10,18
11,19
12,20
13,21
14,22
15,23
16,24
17,25
18,26
19,98
20,72
21,97
22,73
23,69
24,64
25,70
26,40
27,38
28,68
29,6
30,87
31,28
32,76
33,88
34,16
35,99
36,100
37,101
38,102
39,103
40,96
41,31
42,48
43,104
44,9
45,10
46,7
47,11
48,12
49,8
50,105
51,13
52,81
53,41
54,29
55,62
56,106
57,67
58,107
59,71
60,34
61,78
62,30
63,108
64,74
65,95
66,109
67,90
68,89
69,91
70,57
71,58
72,59
73,60
74,61
75,110
76,111
77,112
78,65
79,66
80,113
81,114
82,115
83,35
84,116
85,36
86,37
87,117
88,118
89,52
90,119
91,80
92,86
93,120
94,121
95,122
96,17
97,39
98,84
99,85
100,123
101,82
102,124
103,125
104,49
105,77
106,44
107,83
108,51
109,126
110,127
111,128
112,79
113,129
114,27
115,130
116,47
117,5
118,50
119,63
120,131
121,132
122,33
123,133
125,134
126,135
127,42
128,32
129,136
130,137
131,46
132,75
133,45
134,43
135,93
136,94
137,92
138,55
