row,paperId,title,year,venue,citationCount,doi,source,filter_note
1,ba1f78e24bc722ed4913d1096f14d0fc24b385ca,Parameterized Reinforcement Learning with Route Guidance for Controlling Urban Road Traffic Networks,2026,Future Transportation,0,,snowball3_candidates.csv,keep
2,https://openalex.org/W4408794272,Deep Reinforcement Learning for Optimizing Route Planning in Urban Traffic,2025,,3,10.1109/icccit62592.2025.10928029,openalex_candidates.csv,keep
3,https://openalex.org/W4406611725,A Deep Reinforcement Learning Approach for Route Planning of Autonomous Vehicles<sup>*</sup>,2024,,6,10.1109/smc54092.2024.10831232,openalex_candidates.csv,keep
4,https://openalex.org/W4389333680,Regional route guidance with realistic compliance patterns: Application of deep reinforcement learning and MPC,2023,Transportation Research Part C Emerging Technologies,33,10.1016/j.trc.2023.104440,openalex_candidates.csv,keep
5,https://openalex.org/W4385954129,Multi-Objective Deep Reinforcement Learning for Crowd Route Guidance Optimization,2023,Transportation Research Record Journal of the Transportation Research Board,4,10.1177/03611981231190635,openalex_candidates.csv,keep
6,https://openalex.org/W4312845780,Understanding Route Choice Behaviours Using Macro-Level Patterns: A Q-Learning Approach,2022,SSRN Electronic Journal,1,10.2139/ssrn.4262015,openalex_candidates.csv,keep
7,https://openalex.org/W4292286405,An Adaptive Route Guidance Model Based on Deep Reinforcement Learning,2022,SSRN Electronic Journal,0,10.2139/ssrn.4193419,openalex_candidates.csv,keep
8,65e3b98fd9eeb02b6bffe2b32eb1319a7a1cbec1,A Multiobjective Reinforcement Learning Approach to Trip Building,2022,ATT@IJCAI,2,,snowball3_candidates.csv,keep
9,https://openalex.org/W2996685790,A reinforcement learning scheme for the equilibrium of the in-vehicle route choice problem based on congestion game,2019,Applied Mathematics and Computation,55,10.1016/j.amc.2019.124895,openalex_candidates.csv,keep
10,d58f2f355613921f878ca54d0e17e32747d8c47f,Comparing Multi-Armed Bandit Algorithms and Q-learning for Multiagent Action Selection: a Case Study in Route Choice,2018,IEEE International Joint Conference on Neural Network,18,,snowball3_candidates.csv,keep
11,https://openalex.org/W2556366151,A multiagent reinforcement learning approach to en-route trip building,2016,,32,10.1109/ijcnn.2016.7727899,openalex_candidates.csv,keep
12,https://openalex.org/W4406800045,Reinforcement learning based route optimization model to enhance energy efficiency in internet of vehicles,2025,Scientific Reports,18,10.1038/s41598-025-86608-5,openalex_candidates.csv,border
13,https://openalex.org/W4410610241,Reinforcement Learning Base Energy Efficient Route Optimization Model to Enhance Network Lifetime on the Internet of Vehicles,2025,Journal of Advanced Research Design,2,10.37934/ard.132.1.124139,openalex_candidates.csv,border
14,https://openalex.org/W4415682067,A reinforcement learning model for dynamic distribution route optimization of agricultural products under replenishment demand,2025,Alexandria Engineering Journal,2,10.1016/j.aej.2025.09.073,openalex_candidates.csv,border
15,https://openalex.org/W4415719805,Navigation in a Three-Dimensional Urban Flowusing Deep Reinforcement Learning,2025,Research Square,0,10.21203/rs.3.rs-7249313/v1,openalex2_candidates.csv,border
16,https://openalex.org/W4390904888,Graph Convolutional Network Based Multi-Objective Meta-Deep Q-Learning for Eco-Routing,2024,IEEE Transactions on Intelligent Transportation Systems,11,10.1109/tits.2023.3348034,openalex_candidates.csv,border
17,https://openalex.org/W4402156168,A Deep Reinforcement Learning Approach for Adaptive Traffic Routing in Next-Gen Networks,2024,,9,10.1109/icc51166.2024.10622726,openalex_candidates.csv,border
18,https://openalex.org/W4393095629,Combining multi-agent deep deterministic policy gradient and rerouting technique to improve traffic network performance under mixed traffic conditions,2024,SIMULATION,1,10.1177/00375497241237831,openalex_candidates.csv,border
19,991f3ba61a280f85069dfa4c73587860ac41bdfb,Cooperative Path Planning With Asynchronous Multiagent Reinforcement Learning,2024,IEEE Transactions on Mobile Computing,10,,snowball3_candidates.csv,border
20,https://openalex.org/W4388469846,Multi-Agent Graph Reinforcement Learning Method for Electric Vehicle on-Route Charging Guidance in Coupled Transportation Electrification,2023,IEEE Transactions on Sustainable Energy,42,10.1109/tste.2023.3330842,openalex_candidates.csv,border
21,https://openalex.org/W4387885661,Deep Reinforcement Learning-Based Multi-Object Adaptive Route Planning for Traveling Recommender Systems,2023,IEEE Access,9,10.1109/access.2023.3327273,openalex_candidates.csv,border
22,https://openalex.org/W4213109482,Deep Graph Reinforcement Learning Based Intelligent Traffic Routing Control for Software-Defined Wireless Sensor Networks,2022,Applied Sciences,37,10.3390/app12041951,openalex_candidates.csv,border
23,ae32d024aee566b0309106a3bac811b8ba979c07,Urban Path Planning Based on Improved Model-based Reinforcement Learning Algorithm,2022,International Conference on Advanced Information Science and System,0,,snowball3_candidates.csv,border
24,https://openalex.org/W3213401008,Route Optimization via Environment-Aware Deep Network and Reinforcement Learning,2021,ACM Transactions on Intelligent Systems and Technology,26,10.1145/3461645,openalex_candidates.csv,border
25,https://openalex.org/W3137991997,Context-Aware Adaptive Route Mutation Scheme: A Reinforcement Learning Approach,2021,IEEE Internet of Things Journal,39,10.1109/jiot.2021.3065680,openalex3_candidates.csv,border
26,https://openalex.org/W3040007863,Evaluating semi-cooperative Nash/Stackelberg Q-learning for traffic routes plan in a single intersection,2020,Control Engineering Practice,28,10.1016/j.conengprac.2020.104525,openalex_candidates.csv,border
27,523fec44a8fead75e73e111aa66d32823fe97904,Multi-Agent Reinforcement Learning for Dynamic Routing Games: A Unified Paradigm,2020,arXiv.org,10,,snowball3_candidates.csv,border
28,https://openalex.org/W2981977088,Applying Markov decision process to adaptive dynamic route selection model,2019,Proceedings of the Institution of Civil Engineers - Transport,1,10.1680/jtran.19.00085,openalex_candidates.csv,border
29,https://openalex.org/W2792839178,Dynamic route and departure time choice model based on self-adaptive reference point and reinforcement learning,2018,Physica A Statistical Mechanics and its Applications,18,10.1016/j.physa.2018.02.104,openalex_candidates.csv,border
30,https://openalex.org/W2915749536,Deep Q-Network Based Route Scheduling for Transportation Network Company Vehicles,2018,,15,10.1109/glocom.2018.8647546,openalex_candidates.csv,border
